"timestamp","x","y","z","l","j"
"3116442783855","0.36535788","-0.13069808","0.34991685","0.85263705","1.0471976"
"3116452671589","0.36496094","-0.1307908","0.34980604","0.8528383","1.0471976"
"3116462559322","0.36445668","-0.13092008","0.34963855","0.85310274","1.0471976"
"3116472447055","0.36419111","-0.13096482","0.34946287","0.85328126","1.0471976"
"3116482334788","0.36428863","-0.13091524","0.34935844","0.8532899","1.0471976"
"3116492222522","0.36470824","-0.13080087","0.34931254","0.8531471","1.0471976"
"3116502110005","0.3652985","-0.13065416","0.34925362","0.8529411","1.0471976"
"3116511997488","0.36574447","-0.1305329","0.3492075","0.8527874","1.0471976"
"3116521884972","0.3658601","-0.13054079","0.3491552","0.852758","1.0471976"
"3116531772455","0.36565626","-0.13066919","0.34907192","0.85285985","1.0471976"
"3116541660188","0.3652265","-0.1308227","0.34900206","0.853049","1.0471976"
"3116551547922","0.36475927","-0.13092484","0.34899643","0.85323554","1.0471976"
"3116561435655","0.36447778","-0.13096984","0.34903234","0.8533343","1.0471976"
"3116571323388","0.36433995","-0.13097489","0.34907112","0.8533765","1.0471976"
"3116581211122","0.36423597","-0.13096686","0.34910616","0.8534078","1.0471976"
"3116591098855","0.36398816","-0.13091283","0.34918925","0.8534878","1.0471976"
"3116600986588","0.36380783","-0.13089877","0.34923056","0.85354984","1.0471976"
"3116610874321","0.36356178","-0.13091613","0.34923613","0.85364974","1.0471976"
"3116620769555","0.36329386","-0.13096985","0.34920964","0.8537665","1.0471976"
"3116630664788","0.36301342","-0.13104218","0.3491896","0.85388285","1.0471976"
"3116640560021","0.3627866","-0.13111259","0.34919018","0.8539682","1.0471976"
"3116650455255","0.3626863","-0.13115586","0.34919578","0.8540019","1.0471976"
"3116660342988","0.3627734","-0.1311484","0.3492047","0.85396236","1.0471976"
"3116670230721","0.36301982","-0.13108367","0.34924182","0.8538524","1.0471976"
"3116680118455","0.36334825","-0.13097234","0.34930092","0.85370564","1.0471976"
"3116690006188","0.36365262","-0.13083929","0.3493652","0.8535701","1.0471976"
"3116699893921","0.3638321","-0.13073382","0.34941566","0.85348916","1.0471976"
"3116709781654","0.36383232","-0.130705","0.34942695","0.85348874","1.0471976"
"3116719669388","0.36371863","-0.13076553","0.34936723","0.8535524","1.0471976"
"3116729557121","0.36360464","-0.13086797","0.34927517","0.8536229","1.0471976"
"3116739444854","0.36355302","-0.1309665","0.34920377","0.85365903","1.0471976"
"3116749332588","0.36361974","-0.13106045","0.34915262","0.8536371","1.0471976"
"3116759220321","0.36375192","-0.13111089","0.34912795","0.85358316","1.0471976"
"3116769108054","0.36386117","-0.13116229","0.34914058","0.85352355","1.0471976"
"3116778995538","0.36394402","-0.13124289","0.34915292","0.8534708","1.0471976"
"3116788883021","0.36400634","-0.13132396","0.34913525","0.853439","1.0471976"
"3116798770504","0.36403996","-0.13138191","0.34911665","0.85342336","1.0471976"
"3116808657988","0.36406186","-0.13141125","0.34911454","0.85341036","1.0471976"
"3116818545721","0.36410725","-0.13139944","0.34910744","0.8533957","1.0471976"
"3116828433454","0.36414635","-0.13136141","0.3490823","0.85339516","1.0471976"
"3116838321187","0.36420003","-0.13133734","0.34903347","0.85339594","1.0471976"
"3116848208921","0.3643239","-0.13131335","0.3489858","0.85336626","1.0471976"
"3116858096654","0.36451605","-0.13128099","0.34896925","0.85329586","1.0471976"
"3116867984387","0.36471203","-0.13126081","0.34901452","0.85319674","1.0471976"
"3116877872121","0.36489367","-0.13131388","0.34909236","0.8530791","1.0471976"
"3116887759854","0.36497155","-0.13121274","0.34921733","0.8530102","1.0471976"
"3116897647587","0.36502028","-0.13103575","0.34960744","0.85285676","1.0471976"
"3116907535321","0.36495286","-0.13154307","0.3509616","0.852251","1.0471976"
"3116917423054","0.3640004","-0.133315","0.35333505","0.85140187","1.0471976"
"3116927310787","0.3615708","-0.13647598","0.35624987","0.8507215","1.0471976"
"3116937198271","0.35808396","-0.14086631","0.35941595","0.85014874","1.0471976"
"3116947085754","0.35456386","-0.14639837","0.3627817","0.84925944","1.0471976"
"3116956973237","0.3520329","-0.15290847","0.36625844","0.8476713","1.0471976"
"3116966860720","0.35085696","-0.16022775","0.3700917","0.8451382","1.0471976"
"3116976748454","0.3506137","-0.16848867","0.37450296","0.84168243","1.0471976"
"3116986636187","0.35038322","-0.17801331","0.37939322","0.8376178","1.0471976"
"3116996523920","0.34925205","-0.18900836","0.38442412","0.83337694","1.0471976"
"3117006411654","0.3469484","-0.20128557","0.38965815","0.829022","1.0471976"
"3117016299387","0.34380358","-0.21482863","0.3943888","0.8246849","1.0471976"
"3117026187120","0.34057975","-0.22923091","0.39872307","0.8200479","1.0471976"
"3117036074854","0.3374826","-0.24423818","0.40262106","0.8150765","1.0471976"
"3117045962587","0.3343604","-0.25956997","0.40610063","0.80988204","1.0471976"
"3117055850320","0.3310776","-0.27551377","0.4079865","0.8050011","1.0471976"
"3117065738053","0.32805073","-0.2917649","0.4083642","0.8003092","1.0471976"
"3117075625787","0.3254748","-0.3076028","0.4075293","0.79584324","1.0471976"
"3117085513520","0.32378954","-0.32220164","0.4062669","0.79138726","1.0471976"
"3117095401253","0.3227102","-0.33533913","0.40446985","0.78728014","1.0471976"
"3117105288987","0.32171428","-0.34715074","0.40295145","0.78333676","1.0471976"
"3117115176720","0.31978154","-0.3585692","0.40164748","0.77964556","1.0471976"
"3117125064453","0.3166668","-0.37026107","0.4004039","0.77608365","1.0471976"
"3117134951937","0.3126039","-0.38250542","0.39893222","0.77254224","1.0471976"
"3117144839420","0.3080191","-0.39521214","0.39761055","0.76865953","1.0471976"
"3117154726903","0.30316702","-0.40823537","0.396689","0.7642457","1.0471976"
"3117164614387","0.29813626","-0.421575","0.3961454","0.7592484","1.0471976"
"3117174502120","0.29265663","-0.4354673","0.39605194","0.753567","1.0471976"
"3117184389853","0.28618774","-0.449896","0.39671177","0.74720144","1.0471976"
"3117194277586","0.27744472","-0.46528196","0.39721686","0.74078065","1.0471976"
"3117204165320","0.26493084","-0.48197815","0.3969218","0.73482096","1.0471976"
"3117214053053","0.24690527","-0.5005241","0.39457297","0.72994906","1.0471976"
"3117223940786","0.2238367","-0.5203647","0.39063346","0.7256192","1.0471976"
"3117233828520","0.19734946","-0.5408467","0.38538206","0.7211233","1.0471976"
"3117243716253","0.170107","-0.5615784","0.3796027","0.7152588","1.0471976"
"3117253611486","0.14293739","-0.58285457","0.37282297","0.7077093","1.0471976"
"3117263506720","0.11696739","-0.60449934","0.36597246","0.6978277","1.0471976"
"3117273401953","0.092328526","-0.62584233","0.35950232","0.6859701","1.0471976"
"3117283297186","0.06961848","-0.64618576","0.3544034","0.6723061","1.0471976"
"3117293184919","0.047764923","-0.6656479","0.34962693","0.6575655","1.0471976"
"3117303072653","0.027561245","-0.68450356","0.34577298","0.6411991","1.0471976"
"3117312960386","0.009466966","-0.7026353","0.34329933","0.62318516","1.0471976"
"3117322848119","-0.0052893134","-0.7195898","0.3436537","0.6033779","1.0471976"
"3117332728103","-0.017473603","-0.7350168","0.34637713","0.58263874","1.0471976"
"3117342608086","-0.02575376","-0.7486922","0.35270667","0.5607092","1.0471976"
"3117352488069","-0.030022934","-0.76044476","0.3627114","0.5378317","1.0471976"
"3117362368053","-0.029276079","-0.77039593","0.37649468","0.5136971","1.0471976"
"3117372263536","-0.028566223","-0.7786279","0.38995954","0.49076912","1.0471976"
"3117382159019","-0.027921539","-0.7857799","0.40256983","0.46872997","1.0471976"
"3117392054503","-0.027484082","-0.79282534","0.4131507","0.44719043","1.0471976"
"3117401949986","-0.024578394","-0.8002587","0.4229802","0.42434627","1.0471976"
"3117411829969","-0.022967689","-0.8079841","0.43013075","0.4020221","1.0471976"
"3117421709953","-0.020238224","-0.8160066","0.43556488","0.37948236","1.0471976"
"3117431589936","-0.016544672","-0.82413113","0.43875057","0.35781574","1.0471976"
"3117441469919","-0.010293125","-0.8321472","0.44050956","0.33671445","1.0471976"
"3117451365152","-0.0062298006","-0.8400992","0.43877664","0.3188569","1.0471976"
"3117461260386","-0.0018257764","-0.8480328","0.434778","0.30299363","1.0471976"
"3117471155619","0.0031657908","-0.85557413","0.42958105","0.28886533","1.0471976"
"3117481050852","0.0117772585","-0.8618121","0.42550468","0.2758389","1.0471976"
"3117490938586","0.01827461","-0.86588717","0.42216942","0.26772815","1.0471976"
"3117500826319","0.025470357","-0.8673071","0.4214207","0.2636935","1.0471976"
"3117510714052","0.033344455","-0.8660549","0.42336038","0.2638241","1.0471976"
"3117520601786","0.0443611","-0.8624648","0.4279042","0.26661685","1.0471976"
"3117530489519","0.053226802","-0.8573994","0.43188635","0.27478597","1.0471976"
"3117540377252","0.062881805","-0.85101205","0.43525666","0.28701237","1.0471976"
"3117550264985","0.073793605","-0.84311163","0.43822685","0.3027781","1.0471976"
"3117560152719","0.08922487","-0.8327349","0.44314694","0.31970683","1.0471976"
"3117570040202","0.10432108","-0.819497","0.44946522","0.33988664","1.0471976"
"3117579927685","0.1225595","-0.8022919","0.45904514","0.36136475","1.0471976"
"3117589815169","0.14406413","-0.7807693","0.47149533","0.3838452","1.0471976"
"3117599702652","0.17125157","-0.7545778","0.48672184","0.4054467","1.0471976"
"3117609582885","0.19843769","-0.72560006","0.50071454","0.4282664","1.0471976"
"3117619463119","0.228359","-0.69451547","0.5139326","0.44874704","1.0471976"
"3117629343352","0.261372","-0.6625267","0.52565867","0.46521598","1.0471976"
"3117639223585","0.29945","-0.62946254","0.5366784","0.47548175","1.0471976"
"3117649118819","0.3382422","-0.59711516","0.54365194","0.4832063","1.0471976"
"3117659014052","0.3790973","-0.5643415","0.54788077","0.48747364","1.0471976"
"3117668909285","0.42081198","-0.5305963","0.54933226","0.48950884","1.0471976"
"3117678804518","0.46361256","-0.49415696","0.5493355","0.48898152","1.0471976"
"3117688692252","0.5034613","-0.45748296","0.545266","0.4898174","1.0471976"
"3117698579985","0.54118466","-0.4198121","0.5390343","0.49022344","1.0471976"
"3117708467718","0.57654685","-0.3819173","0.5312577","0.4893856","1.0471976"
"3117718355452","0.61017334","-0.34382463","0.5228935","0.48585558","1.0471976"
"3117728243185","0.641821","-0.3086008","0.51172125","0.4805962","1.0471976"
"3117738130918","0.67330086","-0.27544403","0.49793482","0.47207773","1.0471976"
"3117748018652","0.70429593","-0.2439744","0.4815661","0.46101817","1.0471976"
"3117757906385","0.7327922","-0.21255192","0.4656297","0.4483597","1.0471976"
"3117767793868","0.75696754","-0.18363398","0.45050263","0.43626368","1.0471976"
"3117777681352","0.77687263","-0.15710914","0.43795642","0.42424044","1.0471976"
"3117787568835","0.79291147","-0.13233657","0.4301327","0.41080928","1.0471976"
"3117797456318","0.8045247","-0.10800865","0.42883092","0.39645714","1.0471976"
"3117807344051","0.8111512","-0.08480067","0.43425155","0.38245016","1.0471976"
"3117817231785","0.8126631","-0.064345434","0.44568285","0.36987218","1.0471976"
"3117827119518","0.8089332","-0.04747581","0.46189868","0.36058652","1.0471976"
"3117837007251","0.8002209","-0.03477305","0.48099142","0.35648915","1.0471976"
"3117846887235","0.7869819","-0.024007242","0.503387","0.35592833","1.0471976"
"3117856767218","0.7695893","-0.014469909","0.52955395","0.35650474","1.0471976"
"3117866647201","0.7484185","-0.0050962605","0.55922776","0.3565222","1.0471976"
"3117876527185","0.7242154","0.005468598","0.59097755","0.35528538","1.0471976"
"3117886422668","0.69797593","0.020800682","0.62426275","0.3502757","1.0471976"
"3117896318151","0.6706188","0.03975826","0.6564159","0.3432318","1.0471976"
"3117906213635","0.6427348","0.062196296","0.6864896","0.33429867","1.0471976"
"3117916109118","0.61484915","0.08848316","0.7143232","0.32229435","1.0471976"
"3117925996601","0.5864276","0.118615456","0.7400024","0.307294","1.0471976"
"3117935884084","0.5569199","0.15255703","0.76302403","0.2904498","1.0471976"
"3117945771568","0.52537394","0.18973704","0.7833043","0.27279422","1.0471976"
"3117955659051","0.49045342","0.22940119","0.80123395","0.25466588","1.0471976"
"3117965546784","0.45094553","0.27084738","0.8168696","0.23667265","1.0471976"
"3117975434518","0.4064332","0.31340054","0.82950765","0.22024822","1.0471976"
"3117985322251","0.35793328","0.35565662","0.8385674","0.20541902","1.0471976"
"3117995209984","0.30730918","0.3956786","0.84433174","0.19000939","1.0471976"
"3118005090218","0.2569663","0.43041563","0.84817564","0.17119816","1.0471976"
"3118014970451","0.20773669","0.4576363","0.8515661","0.14916357","1.0471976"
"3118024850684","0.1589935","0.47598436","0.8557681","0.12578173","1.0471976"
"3118034730918","0.110667855","0.48428625","0.86218286","0.09929891","1.0471976"
"3118044626151","0.06607459","0.48047125","0.87179846","0.06891384","1.0471976"
"3118054521384","0.027858602","0.4616958","0.8858389","0.036748294","1.0471976"
"3118064416617","-0.005331968","0.42847311","0.9035226","0.0054258667","1.0471976"
"3118074311851","0.035241608","-0.38524216","-0.92190397","0.020967292","1.0471976"
"3118084199584","0.0496779","-0.3402437","-0.9384482","0.032885376","1.0471976"
"3118094087317","0.055164937","-0.30270788","-0.95051026","0.043071754","1.0471976"
"3118103975051","0.05810463","-0.28084937","-0.95645314","0.054267228","1.0471976"
"3118113862784","0.05737281","-0.2743952","-0.957726","0.064627044","1.0471976"
"3118123750267","0.049873352","-0.2730614","-0.9585393","0.06444156","1.0471976"
"3118133637751","0.039473318","-0.26770422","-0.9610418","0.05634686","1.0471976"
"3118143525234","0.031312555","-0.25636464","-0.9651083","0.043159578","1.0471976"
"3118153412717","0.028217925","-0.24145581","-0.96953315","0.030137861","1.0471976"
"3118163300450","0.027038056","-0.2279866","-0.9732079","0.012548098","1.0471976"
"3118173188184","-0.023106668","0.2203478","0.9750973","0.009908722","1.0471976"
"3118183075917","-0.012232649","0.22368093","0.97385865","0.037636094","1.0471976"
"3118192963650","0.0027417366","0.24155742","0.9681504","0.065782346","1.0471976"
"3118202851384","0.017122133","0.2711465","0.95796835","0.09210376","1.0471976"
"3118212739117","0.030694956","0.30720174","0.94391686","0.117071986","1.0471976"
"3118222626850","0.046201117","0.3447787","0.9267608","0.14180073","1.0471976"
"3118232514584","0.06488427","0.37817293","0.908301","0.16662693","1.0471976"
"3118242402317","0.0881735","0.40267596","0.8909036","0.19070521","1.0471976"
"3118252290050","0.116944596","0.41442046","0.8759124","0.21761686","1.0471976"
"3118262177784","0.14639786","0.41245723","0.86388737","0.24928993","1.0471976"
"3118272065517","0.17330116","0.39986473","0.8540837","0.28392974","1.0471976"
"3118281953250","0.19736637","0.38038293","0.8449695","0.31997195","1.0471976"
"3118291840983","0.21895395","0.35738423","0.8350711","0.3563592","1.0471976"
"3118301728717","0.23834628","0.33301193","0.8241587","0.39122435","1.0471976"
"3118311616450","0.25591323","0.30696708","0.8131482","0.42316628","1.0471976"
"3118321503933","0.27214834","0.27688307","0.80125153","0.45526606","1.0471976"
"3118331391417","0.28501028","0.24185476","0.78878933","0.4879414","1.0471976"
"3118341278900","0.29296273","0.20177467","0.7749542","0.5224039","1.0471976"
"3118351166383","0.2958707","0.15725592","0.7583958","0.55907696","1.0471976"
"3118361054117","0.2948384","0.11060894","0.73859227","0.59608525","1.0471976"
"3118370941850","0.2907262","0.06304457","0.71507627","0.6325897","1.0471976"
"3118380829583","0.28429306","0.015549989","0.6883948","0.6671195","1.0471976"
"3118390717317","0.27569515","-0.03177732","0.6588567","0.69920695","1.0471976"
"3118400605050","0.26506087","-0.07933328","0.62666047","0.72852296","1.0471976"
"3118410492783","0.25258642","-0.1277156","0.5912489","0.755191","1.0471976"
"3118420380516","0.23874539","-0.17663085","0.55220115","0.7790225","1.0471976"
"3118430268250","0.22438325","-0.22513565","0.50882715","0.8000382","1.0471976"
"3118440163483","0.21274765","-0.27103767","0.46403867","0.8160546","1.0471976"
"3118450058716","0.2075062","-0.31267375","0.4199518","0.8263273","1.0471976"
"3118459953950","0.21066661","-0.35022628","0.37954965","0.830002","1.0471976"
"3118469849183","0.2208702","-0.38652503","0.3439971","0.82672894","1.0471976"
"3118479729166","0.23674479","-0.42263868","0.31550962","0.8159548","1.0471976"
"3118489609150","0.2565007","-0.45846346","0.29210186","0.799184","1.0471976"
"3118499489133","0.27855676","-0.49343225","0.27411595","0.7770401","1.0471976"
"3118509369116","0.29960576","-0.52843523","0.26034623","0.7504749","1.0471976"
"3118519264600","0.31769875","-0.5634268","0.25015995","0.7204428","1.0471976"
"3118529160083","0.32938603","-0.5991969","0.23957305","0.68925524","1.0471976"
"3118539055566","0.3331552","-0.6360439","0.22690096","0.658006","1.0471976"
"3118548951049","0.32897973","-0.6738781","0.21213974","0.62662387","1.0471976"
"3118558838783","0.31889427","-0.7119556","0.19642678","0.5940053","1.0471976"
"3118568726516","0.30615422","-0.7491779","0.18147412","0.5586316","1.0471976"
"3118578614249","0.29334378","-0.7846322","0.16988859","0.5190759","1.0471976"
"3118588501983","0.27708575","-0.8183915","0.16141899","0.47686782","1.0471976"
"3118598389466","0.25761038","-0.8489851","0.15535428","0.4344264","1.0471976"
"3118608276949","0.23325776","-0.87575936","0.14986","0.3951942","1.0471976"
"3118618164433","0.20727402","-0.8990659","0.14537543","0.35718894","1.0471976"
"3118628051916","0.18402895","-0.9194178","0.14614499","0.31535035","1.0471976"
"3118637939649","0.15995051","-0.9360933","0.15180668","0.27404395","1.0471976"
"3118647827382","0.13795874","-0.94780886","0.16673966","0.23414458","1.0471976"
"3118657715116","0.11659693","-0.95486176","0.1903297","0.19600707","1.0471976"
"3118667602849","0.099812105","-0.95722705","0.21791013","0.16207805","1.0471976"
"3118677482832","0.08299456","-0.9573862","0.24123237","0.13539106","1.0471976"
"3118687362816","0.07290086","-0.95652014","0.25779134","0.11531855","1.0471976"
"3118697242799","0.07028086","-0.95557094","0.26710948","0.102943845","1.0471976"
"3118707122782","0.077111274","-0.9544464","0.27148703","0.096855186","1.0471976"
"3118717041016","0.08162083","-0.95386505","0.2715873","0.09859015","1.0471976"
"3118726959249","0.08688314","-0.9532102","0.26941782","0.106092565","1.0471976"
"3118736877482","0.09266962","-0.95202255","0.26617557","0.119230986","1.0471976"
"3118746795715","0.104009196","-0.9497415","0.26179767","0.13651149","1.0471976"
"3118756675699","0.11121095","-0.9474449","0.25363067","0.160162","1.0471976"
"3118766555682","0.11903082","-0.9443198","0.24253896","0.18779428","1.0471976"
"3118776435665","0.12769842","-0.9396964","0.2303183","0.21821392","1.0471976"
"3118786315649","0.14247699","-0.93222433","0.22019091","0.24934728","1.0471976"
"3118796211132","0.15411565","-0.9228473","0.2109823","0.28299788","1.0471976"
"3118806106615","0.16755101","-0.91064316","0.20395736","0.31789467","1.0471976"
"3118816002099","0.18280058","-0.89565563","0.19848453","0.3535378","1.0471976"
"3118825897582","0.20339291","-0.87736046","0.19534719","0.38821328","1.0471976"
"3118835785315","0.22067632","-0.8581023","0.18981463","0.42300457","1.0471976"
"3118845673048","0.23807494","-0.83749306","0.18311813","0.45650128","1.0471976"
"3118855560782","0.25489482","-0.8159016","0.17604776","0.4882011","1.0471976"
"3118865448515","0.27356413","-0.7926605","0.17192677","0.51700413","1.0471976"
"3118875335998","0.28764215","-0.76986074","0.1679758","0.5443902","1.0471976"
"3118885223482","0.30004257","-0.74641013","0.16598156","0.5703478","1.0471976"
"3118895110965","0.3103847","-0.7215706","0.16513708","0.59642863","1.0471976"
"3118904998448","0.31999975","-0.693181","0.16683185","0.6239131","1.0471976"
"3118914886182","0.3237972","-0.6618298","0.16848037","0.65479076","1.0471976"
"3118924773915","0.3239251","-0.62654644","0.17270824","0.6875202","1.0471976"
"3118934661648","0.32185197","-0.5882835","0.18021242","0.7196231","1.0471976"
"3118944549381","0.31905472","-0.5483214","0.19141747","0.74893737","1.0471976"
"3118954406615","0.31460938","-0.5089557","0.2040384","0.7748248","1.0471976"
"3118964263848","0.3091722","-0.4714599","0.21897657","0.7963589","1.0471976"
"3118974121082","0.30287126","-0.43856937","0.23674668","0.8123281","1.0471976"
"3118983978315","0.29745054","-0.41255704","0.2603614","0.82068986","1.0471976"
"3118993896548","0.29737163","-0.39143923","0.29129502","0.82066596","1.0471976"
"3119003814781","0.303043","-0.37150648","0.32702318","0.8143732","1.0471976"
"3119013733015","0.31021103","-0.35283482","0.36806402","0.8023751","1.0471976"
"3119023651248","0.31273815","-0.34028682","0.4151172","0.7836309","1.0471976"
"3119033538731","0.3071947","-0.33379707","0.46621048","0.7595121","1.0471976"
"3119043426215","0.2907633","-0.33123678","0.51650244","0.7341418","1.0471976"
"3119053313698","0.26523548","-0.33233634","0.56255436","0.70903826","1.0471976"
"3119063201181","0.2344519","-0.33805","0.6021295","0.68424755","1.0471976"
"3119073088914","0.20469113","-0.34961897","0.63493836","0.6578157","1.0471976"
"3119082976648","0.17981179","-0.36526346","0.66286093","0.62838346","1.0471976"
"3119092864381","0.15951884","-0.38209265","0.68940884","0.594369","1.0471976"
"3119102752114","0.14463757","-0.3947389","0.71857744","0.55399257","1.0471976"
"3119112639848","0.13473932","-0.3993615","0.7479799","0.5127201","1.0471976"
"3119122527581","0.13179123","-0.39212474","0.7775133","0.47364792","1.0471976"
"3119132415314","0.12908241","-0.37742972","0.8028906","0.4430026","1.0471976"
"3119142303048","0.12462711","-0.36133528","0.8224335","0.42131722","1.0471976"
"3119152167781","0.12180069","-0.349377","0.8335199","0.41029868","1.0471976"
"3119162032514","0.124076374","-0.34071356","0.83881605","0.40608737","1.0471976"
"3119171897248","0.12942144","-0.33436224","0.83851534","0.41029745","1.0471976"
"3119181761981","0.13907664","-0.32939562","0.8345909","0.4190636","1.0471976"
"3119191672714","0.15153225","-0.32434005","0.8247095","0.43783075","1.0471976"
"3119201583448","0.16771998","-0.3176744","0.8101651","0.46323365","1.0471976"
"3119211494181","0.1869516","-0.3083829","0.7917973","0.4929567","1.0471976"
"3119221404914","0.20819604","-0.2941084","0.7730027","0.52213174","1.0471976"
"3119231292397","0.22616012","-0.2766628","0.7503582","0.5561221","1.0471976"
"3119241179881","0.24082011","-0.2567951","0.7247246","0.59231436","1.0471976"
"3119251067364","0.25295594","-0.23534143","0.6960089","0.62944365","1.0471976"
"3119260954847","0.26371363","-0.2126331","0.66624826","0.66434604","1.0471976"
"3119270819831","0.27410382","-0.18991925","0.63414544","0.6976084","1.0471976"
"3119280684814","0.28575003","-0.16490486","0.60202575","0.7271302","1.0471976"
"3119290549797","0.2987498","-0.13590136","0.5756358","0.74894786","1.0471976"
"3119300414781","0.31934416","-0.10440594","0.5625616","0.7554093","1.0471976"
"3119310325264","0.35559937","-0.06909574","0.5409715","0.7590288","1.0471976"
"3119320235747","0.3886411","-0.029877683","0.50570774","0.76962656","1.0471976"
"3119330146230","0.39852902","-0.006373662","0.48345873","0.7793598","1.0471976"
"3119340056714","0.3901697","-0.013277553","0.4899535","0.7794465","1.0471976"
"3119349921447","0.37572342","-0.02481084","0.5219177","0.7653877","1.0471976"
"3119359786180","0.36188075","-0.034591544","0.56451255","0.7410611","1.0471976"
"3119369650914","0.35091808","-0.042202275","0.6095713","0.7095762","1.0471976"
"3119379515647","0.3420625","-0.046505596","0.6529052","0.6741998","1.0471976"
"3119389426130","0.3357323","-0.048285324","0.69484144","0.6341513","1.0471976"
"3119399336614","0.32944945","-0.046233866","0.7355874","0.59011596","1.0471976"
"3119409247097","0.31606874","-0.039990045","0.77337575","0.54807967","1.0471976"
"3119419157580","0.29140648","-0.035820484","0.80353606","0.5178118","1.0471976"
"3119429045314","0.26406878","-0.043066215","0.8223276","0.5021856","1.0471976"
"3119438933047","0.24693534","-0.064085014","0.8322878","0.49215144","1.0471976"
"3119448820780","0.24582316","-0.08094091","0.83952075","0.47772843","1.0471976"
"3119458708513","0.24826117","-0.08427407","0.84668","0.4630307","1.0471976"
"3119468573247","0.24300472","-0.07739462","0.8497655","0.46136484","1.0471976"
"3119478437980","0.2367571","-0.06786992","0.84694856","0.4711877","1.0471976"
"3119488302713","0.2374913","-0.062294804","0.8358901","0.49092254","1.0471976"
"3119498167447","0.24532345","-0.060801722","0.8188916","0.51530194","1.0471976"
"3119508078180","0.25598103","-0.060516108","0.7963151","0.54469603","1.0471976"
"3119517988913","0.2675762","-0.056623086","0.7717136","0.5741559","1.0471976"
"3119527899647","0.27973914","-0.047485825","0.74554193","0.60304105","1.0471976"
"3119537810380","0.2918308","-0.032799456","0.71905524","0.62985605","1.0471976"
"3119547675113","0.30232227","-0.015635047","0.68951494","0.6579711","1.0471976"
"3119557539847","0.31280538","0.0020588867","0.6625407","0.6805795","1.0471976"
"3119567404580","0.32510343","0.018068537","0.6399184","0.69605017","1.0471976"
"3119577269313","0.3388115","0.031137656","0.6194708","0.70745546","1.0471976"
"3119587187547","0.36024383","0.043642692","0.59291905","0.718865","1.0471976"
"3119597105780","0.37871426","0.05486314","0.5594627","0.7352326","1.0471976"
"3119607024013","0.38157767","0.05565475","0.531119","0.7544624","1.0471976"
"3119616942246","0.37156427","0.040394578","0.5232122","0.7658702","1.0471976"
"3119626829980","0.3612269","0.022760045","0.54532355","0.7560552","1.0471976"
"3119636717713","0.3573298","0.014843962","0.5772927","0.7340493","1.0471976"
"3119646605446","0.35979417","0.015373841","0.61054873","0.7053666","1.0471976"
"3119656493180","0.36323908","0.018949954","0.64462316","0.672428","1.0471976"
"3119666350163","0.36283377","0.024115926","0.67892843","0.63782936","1.0471976"
"3119676207146","0.3569491","0.030154772","0.7122541","0.6036324","1.0471976"
"3119686064130","0.34456414","0.03485749","0.74414945","0.5712286","1.0471976"
"3119695921113","0.3251161","0.03651492","0.7753095","0.540242","1.0471976"
"3119705839346","0.2988711","0.033713203","0.8052881","0.5109311","1.0471976"
"3119715757579","0.2707915","0.02876505","0.8297834","0.48713866","1.0471976"
"3119725675813","0.24729846","0.02134239","0.84528416","0.47316244","1.0471976"
"3119735594046","0.23460793","0.016731866","0.85522765","0.4618061","1.0471976"
"3119745451279","0.22780937","0.024864687","0.86512154","0.44614947","1.0471976"
"3119755308513","0.21687843","0.0459897","0.8768608","0.4265724","1.0471976"
"3119765165746","0.2056639","0.0707142","0.8834615","0.41496712","1.0471976"
"3119775022979","0.1992802","0.09180189","0.8837882","0.41325316","1.0471976"
"3119784941213","0.19781001","0.106460534","0.8780888","0.4224896","1.0471976"
"3119794859446","0.19965787","0.117878795","0.8703119","0.43450943","1.0471976"
"3119804777679","0.20620443","0.12920675","0.86122245","0.44618538","1.0471976"
"3119814695912","0.21773712","0.14290495","0.8525574","0.4531166","1.0471976"
"3119824583646","0.23491167","0.1575967","0.8399735","0.46305987","1.0471976"
"3119834471379","0.25451544","0.17378977","0.82537454","0.47304946","1.0471976"
"3119844359112","0.2726825","0.19023205","0.8109455","0.4814806","1.0471976"
"3119854246846","0.28733873","0.2055742","0.800143","0.48471317","1.0471976"
"3119864134329","0.29974756","0.21464461","0.7894096","0.49082753","1.0471976"
"3119874021812","0.3097499","0.2170169","0.77923435","0.49975255","1.0471976"
"3119883909296","0.31822294","0.21446165","0.7687341","0.51165247","1.0471976"
"3119893796779","0.3257762","0.2105168","0.75766","0.5248847","1.0471976"
"3119903654012","0.33274463","0.2081234","0.7458882","0.5381603","1.0471976"
"3119913511246","0.33916268","0.2080841","0.73347145","0.5510802","1.0471976"
"3119923368479","0.345185","0.210017","0.72076124","0.56324375","1.0471976"
"3119933225712","0.35051715","0.2130029","0.70833933","0.5744763","1.0471976"
"3119943113446","0.35505587","0.2157474","0.6963352","0.58523995","1.0471976"
"3119953001179","0.35911572","0.21746816","0.6843369","0.5961767","1.0471976"
"3119962888912","0.3627453","0.21817711","0.6722705","0.60734427","1.0471976"
"3119972776646","0.36676967","0.21803582","0.6590947","0.6193017","1.0471976"
"3119982664379","0.37061986","0.21911135","0.647166","0.6291323","1.0471976"
"3119992552112","0.37428308","0.22097966","0.6357123","0.63792646","1.0471976"
"3120002439845","0.37726387","0.22343814","0.62517005","0.6456855","1.0471976"
"3120012327579","0.38027588","0.22476043","0.61340624","0.65467995","1.0471976"
"3120022215062","0.3822469","0.22702089","0.6041888","0.66129017","1.0471976"
"3120032102545","0.384061","0.22899342","0.59506947","0.66779596","1.0471976"
"3120041990029","0.38567674","0.23082441","0.58593124","0.6742835","1.0471976"
"3120051877512","0.38756153","0.23200862","0.5755568","0.68169093","1.0471976"
"3120061765245","0.38933757","0.23358928","0.5651764","0.68878734","1.0471976"
"3120071652979","0.39050612","0.23623279","0.5560523","0.69462574","1.0471976"
"3120081540712","0.39158708","0.23883872","0.5466892","0.7005331","1.0471976"
"3120091428445","0.39322895","0.24022134","0.5353247","0.70787865","1.0471976"
"3120101354428","0.39480537","0.24093835","0.5235811","0.71550006","1.0471976"
"3120111280412","0.39571115","0.24189204","0.5135196","0.7219409","1.0471976"
"3120121206395","0.39655206","0.24238247","0.5038068","0.7281319","1.0471976"
"3120131132378","0.3978753","0.24148388","0.4926329","0.7353188","1.0471976"
"3120141012361","0.39886943","0.24019673","0.48186246","0.74230546","1.0471976"
"3120150892345","0.39875588","0.2394909","0.47337762","0.7480318","1.0471976"
"3120160772328","0.3982145","0.23830043","0.46517563","0.75382346","1.0471976"
"3120170652311","0.39807317","0.23569278","0.45530036","0.7607158","1.0471976"
"3120180540045","0.39712033","0.23389731","0.4479464","0.76611453","1.0471976"
"3120190427778","0.3966903","0.23074524","0.43903","0.77242875","1.0471976"
"3120200315511","0.39568597","0.22838768","0.4327307","0.7771846","1.0471976"
"3120210203245","0.3953575","0.22462384","0.42463198","0.78289473","1.0471976"
"3120220090728","0.39425313","0.22158514","0.41888514","0.7874008","1.0471976"
"3120229978211","0.39292303","0.2183382","0.41344154","0.7918371","1.0471976"
"3120239865695","0.39153475","0.21517968","0.4084176","0.79598576","1.0471976"
"3120249753178","0.3916087","0.21046564","0.39980015","0.8015653","1.0471976"
"3120259640911","0.3912807","0.20830178","0.39564446","0.80434775","1.0471976"
"3120269528645","0.3917114","0.20654494","0.39177075","0.8064844","1.0471976"
"3120279416378","0.39286244","0.20485166","0.38800132","0.80817693","1.0471976"
"3120289304111","0.39531365","0.20108597","0.3805788","0.8114502","1.0471976"
"3120299191844","0.39706117","0.19793862","0.37538752","0.8137856","1.0471976"
"3120309079578","0.39784846","0.19554785","0.37258455","0.8152659","1.0471976"
"3120318967311","0.39823455","0.1930761","0.37017244","0.8167638","1.0471976"
"3120328855044","0.3988177","0.18976653","0.36623994","0.81902474","1.0471976"
"3120338742778","0.39897782","0.18747751","0.364167","0.8203971","1.0471976"
"3120348630511","0.39935732","0.18547116","0.36214182","0.8215641","1.0471976"
"3120358518244","0.40012014","0.18388814","0.3602516","0.82237935","1.0471976"
"3120368405978","0.4019747","0.18120326","0.35535535","0.82419914","1.0471976"
"3120378293711","0.40340313","0.18037468","0.35377845","0.8243615","1.0471976"
"3120388181444","0.4053581","0.17888604","0.35064387","0.82506573","1.0471976"
"3120398069178","0.4069478","0.17834368","0.34930885","0.8249669","1.0471976"
"3120407956911","0.4087797","0.17720096","0.34641516","0.8255275","1.0471976"
"3120417844394","0.41021132","0.17696564","0.34495044","0.8254811","1.0471976"
"3120427731877","0.4116177","0.17685792","0.34326804","0.82550544","1.0471976"
"3120437619361","0.41305155","0.1769022","0.3412985","0.8255964","1.0471976"
"3120447506844","0.4152619","0.17549701","0.33589718","0.8270015","1.0471976"
"3120457394577","0.41691458","0.17596684","0.33382404","0.8269096","1.0471976"
"3120467282311","0.41871738","0.17677365","0.33201897","0.8265533","1.0471976"
"3120477170044","0.42049184","0.17794773","0.3305741","0.8259795","1.0471976"
"3120487057777","0.422652","0.17774154","0.32613134","0.82668716","1.0471976"
"3120496953011","0.42364573","0.179238","0.32500014","0.82630086","1.0471976"
"3120506848244","0.42427257","0.18053651","0.32371724","0.8262","1.0471976"
"3120516743477","0.4245885","0.18175144","0.3222035","0.8263632","1.0471976"
"3120526638710","0.42511305","0.18099384","0.3177601","0.8279786","1.0471976"
"3120536526444","0.42463458","0.1817697","0.31746346","0.8281681","1.0471976"
"3120546414177","0.42416638","0.18242559","0.31709892","0.8284034","1.0471976"
"3120556301910","0.42373344","0.18314625","0.31649175","0.8286981","1.0471976"
"3120566189644","0.42422456","0.18236133","0.31254524","0.83011645","1.0471976"
"3120576077377","0.42443082","0.18327035","0.3116587","0.83014417","1.0471976"
"3120585965110","0.4250647","0.18427184","0.3104436","0.8300534","1.0471976"
"3120595852844","0.42596772","0.18549065","0.30895242","0.82987547","1.0471976"
"3120605740577","0.4276008","0.18545891","0.3046678","0.8306263","1.0471976"
"3120615597810","0.4286559","0.18686892","0.30350876","0.8301907","1.0471976"
"3120625455044","0.42973056","0.18806756","0.30265194","0.8296771","1.0471976"
"3120635312277","0.4306979","0.18902299","0.3019803","0.829203","1.0471976"
"3120645169510","0.4321648","0.18805923","0.29818806","0.8300309","1.0471976"
"3120655087744","0.43258315","0.18848634","0.29766297","0.82990456","1.0471976"
"3120665005977","0.4326424","0.18864807","0.29705387","0.8300552","1.0471976"
"3120674924210","0.43240234","0.18862443","0.29632083","0.83044755","1.0471976"
"3120684842443","0.4327532","0.18704347","0.29263714","0.83192724","1.0471976"
"3120694729927","0.43267605","0.18699266","0.29187325","0.8322471","1.0471976"
"3120704617410","0.4330411","0.18702972","0.29108357","0.83232546","1.0471976"
"3120714504893","0.43383047","0.18718565","0.29030985","0.8321497","1.0471976"
"3120724392377","0.43552127","0.1858919","0.28670454","0.83280617","1.0471976"
"3120734280110","0.43648058","0.18611214","0.28621468","0.83242303","1.0471976"
"3120744167843","0.43709183","0.18615091","0.28580093","0.8322359","1.0471976"
"3120754055576","0.43723017","0.18595278","0.28540716","0.8323426","1.0471976"
"3120763943310","0.43663448","0.18428421","0.28249457","0.8340184","1.0471976"
"3120773800543","0.4340046","0.18277381","0.28262997","0.8356758","1.0471976"
"3120783657777","0.43207893","0.18170018","0.28222084","0.8370451","1.0471976"
"3120793515010","0.43103316","0.18166995","0.2816696","0.8377761","1.0471976"
"3120803372243","0.43211097","0.18067878","0.2783898","0.8385312","1.0471976"
"3120813290476","0.4338405","0.18118225","0.2781002","0.837625","1.0471976"
"3120823208710","0.436137","0.18164997","0.27760527","0.83649457","1.0471976"
"3120833126943","0.43820015","0.18224259","0.27700648","0.83548534","1.0471976"
"3120843045176","0.44060415","0.18161756","0.27382797","0.83540493","1.0471976"
"3120852902160","0.44245315","0.18227495","0.2734025","0.8344233","1.0471976"
"3120862759143","0.44413394","0.18269728","0.2729631","0.83358145","1.0471976"
"3120872616126","0.44546583","0.18299949","0.27239072","0.8329914","1.0471976"
"3120882473110","0.4470634","0.18159437","0.2685867","0.833678","1.0471976"
"3120892391343","0.44733277","0.18196303","0.26843494","0.833502","1.0471976"
"3120902309576","0.44699433","0.182171","0.2685648","0.8335963","1.0471976"
"3120912227809","0.4461412","0.1822027","0.2688494","0.8339547","1.0471976"
"3120922146043","0.44615108","0.17991872","0.26553115","0.8355069","1.0471976"
"3120932033776","0.44601372","0.17944083","0.26537642","0.83573204","1.0471976"
"3120941921509","0.44626868","0.17928113","0.26493448","0.83577055","1.0471976"
"3120951809243","0.44668087","0.17951608","0.26476684","0.835553","1.0471976"
"3120961696976","0.447935","0.17798194","0.26172516","0.8361679","1.0471976"
"3120971584709","0.44841066","0.17794879","0.26219076","0.835774","1.0471976"
"3120981472443","0.44858563","0.17755862","0.26238793","0.8357012","1.0471976"
"3120991360176","0.44843155","0.17688338","0.26242545","0.83591527","1.0471976"
"3121001247909","0.44877005","0.17425562","0.25932553","0.83725196","1.0471976"
"3121011135642","0.4483985","0.17322116","0.25951755","0.83760613","1.0471976"
"3121021023376","0.4480841","0.17232814","0.2597526","0.8378857","1.0471976"
"3121030911109","0.4478242","0.17170131","0.2600259","0.83806837","1.0471976"
"3121040798842","0.4482898","0.16945738","0.25721142","0.839144","1.0471976"
"3121050686326","0.44840366","0.1687608","0.25748405","0.8391401","1.0471976"
"3121060573809","0.44879434","0.16794428","0.2575006","0.8390898","1.0471976"
"3121070461292","0.449344","0.1670587","0.25750276","0.8389719","1.0471976"
"3121080348776","0.45060787","0.16445197","0.25439763","0.83975595","1.0471976"
"3121090236509","0.45115277","0.16362292","0.25457817","0.8395706","1.0471976"
"3121100124242","0.45143718","0.16294302","0.25500455","0.8394205","1.0471976"
"3121110011976","0.45142952","0.16239604","0.25570673","0.83931696","1.0471976"
"3121119899709","0.4517709","0.1603272","0.25357562","0.8401771","1.0471976"
"3121129764442","0.451288","0.16017525","0.25420326","0.84027606","1.0471976"
"3121139629176","0.45108873","0.16017726","0.2538934","0.84047633","1.0471976"
"3121149493909","0.45161843","0.15991732","0.25334495","0.84040684","1.0471976"
"3121159358642","0.45266593","0.15781823","0.25052077","0.8410864","1.0471976"
"3121169269375","0.45295995","0.15747519","0.250596","0.84097","1.0471976"
"3121179180109","0.45364675","0.15762301","0.25038144","0.84063596","1.0471976"
"3121189090842","0.45492342","0.15797721","0.24968281","0.8400871","1.0471976"
"3121199001575","0.45731974","0.15691826","0.24535246","0.8402604","1.0471976"
"3121208889059","0.45950577","0.15751593","0.24370657","0.8394345","1.0471976"
"3121218776542","0.46147716","0.15770842","0.24238263","0.83870006","1.0471976"
"3121228664025","0.46284297","0.15724646","0.24155538","0.8382726","1.0471976"
"3121238551509","0.46373746","0.154628","0.23776186","0.8393492","1.0471976"
"3121248439242","0.4628851","0.15327789","0.23652817","0.8404152","1.0471976"
"3121258326975","0.4608461","0.15167901","0.23487374","0.8422878","1.0471976"
"3121268214708","0.45823643","0.15003195","0.23290232","0.844551","1.0471976"
"3121278102442","0.45627975","0.1470148","0.22787307","0.8475077","1.0471976"
"3121287990175","0.45431218","0.14575925","0.22588697","0.8493115","1.0471976"
"3121297877908","0.45272434","0.14456104","0.22419326","0.8508114","1.0471976"
"3121307765642","0.45129627","0.14329891","0.22278464","0.85215276","1.0471976"
"3121317653375","0.4504019","0.14063492","0.2190865","0.8540263","1.0471976"
"3121327518108","0.44917545","0.13966744","0.21807793","0.85508865","1.0471976"
"3121337382842","0.44836873","0.13937229","0.2168474","0.85587275","1.0471976"
"3121347247575","0.44846058","0.13893968","0.21400377","0.8566104","1.0471976"
"3121357112308","0.4490281","0.13833128","0.21072878","0.8572232","1.0471976"
"3121367000042","0.4491415","0.13797235","0.20883012","0.85768616","1.0471976"
"3121376887775","0.44865218","0.1369007","0.20693861","0.858572","1.0471976"
"3121386775508","0.44784778","0.13499479","0.20509994","0.8597342","1.0471976"
"3121396663242","0.4479922","0.1312738","0.20034693","0.86135435","1.0471976"
"3121406573725","0.44877818","0.12948494","0.19924386","0.86147183","1.0471976"
"3121416484208","0.44968158","0.12708652","0.2000729","0.8611657","1.0471976"
"3121426394691","0.44976464","0.1231213","0.2027833","0.8610645","1.0471976"
"3121436305175","0.4494183","0.117235005","0.205529","0.8614157","1.0471976"
"3121446170158","0.44913554","0.11142521","0.20838109","0.86164904","1.0471976"
"3121456035141","0.44903338","0.10785498","0.21231398","0.86119634","1.0471976"
"3121465900125","0.449187","0.1057878","0.2167778","0.86026007","1.0471976"
"3121475765108","0.44911054","0.10261954","0.22041123","0.85976046","1.0471976"
"3121485675591","0.4480508","0.1003046","0.22720157","0.85881835","1.0471976"
"3121495586075","0.44734225","0.09825568","0.2321184","0.8581095","1.0471976"
"3121505496558","0.44742152","0.09734669","0.23492074","0.8574089","1.0471976"
"3121515407041","0.44896397","0.09513695","0.23433784","0.85701007","1.0471976"
"3121525294774","0.45138907","0.093470976","0.23579921","0.85551727","1.0471976"
"3121535182508","0.45399937","0.091267325","0.23723818","0.8539749","1.0471976"
"3121545070241","0.45587423","0.08987056","0.23881942","0.85268235","1.0471976"
"3121554957974","0.45740607","0.08732843","0.23875278","0.85214466","1.0471976"
"3121564822708","0.45811883","0.08573403","0.24146989","0.8511575","1.0471976"
"3121574687441","0.45842388","0.084251635","0.24446972","0.8502845","1.0471976"
"3121584552174","0.4588488","0.08347857","0.24656196","0.8495271","1.0471976"
"3121594416908","0.4602859","0.08330499","0.24553208","0.8490649","1.0471976"
"3121604304641","0.46156695","0.08443983","0.24646524","0.8479864","1.0471976"
"3121614192374","0.46223602","0.08588326","0.2475676","0.84715545","1.0471976"
"3121624080108","0.46194524","0.088203624","0.24877904","0.8467206","1.0471976"
"3121633967841","0.46133193","0.089053385","0.248533","0.84703815","1.0471976"
"3121643855324","0.46053997","0.09033953","0.25017622","0.8468492","1.0471976"
"3121653742808","0.45962533","0.09080306","0.25222623","0.84668857","1.0471976"
"3121663630291","0.4581579","0.09073661","0.2549829","0.84666514","1.0471976"
"3121673517774","0.45651293","0.08928936","0.25610337","0.8473691","1.0471976"
"3121683405507","0.45467606","0.0891416","0.25896063","0.84750396","1.0471976"
"3121693293241","0.45317894","0.08937","0.26097628","0.8476634","1.0471976"
"3121703180974","0.4523662","0.09052758","0.26157114","0.8477913","1.0471976"
"3121713068707","0.45262575","0.091305405","0.2599693","0.84806216","1.0471976"
"3121722956441","0.45389593","0.09276348","0.25776377","0.8478981","1.0471976"
"3121732844174","0.45598185","0.09262521","0.25528666","0.84754354","1.0471976"
"3121742731907","0.45806825","0.090992965","0.25308818","0.84725446","1.0471976"
"3121752619641","0.4602698","0.08694823","0.24916503","0.8476488","1.0471976"
"3121762537874","0.46151385","0.08306788","0.24888894","0.84744275","1.0471976"
"3121772456107","0.46178386","0.079056606","0.2502865","0.8472676","1.0471976"
"3121782374340","0.46110654","0.075312436","0.25328544","0.8470864","1.0471976"
"3121792292574","0.45971167","0.07096938","0.2554666","0.84756446","1.0471976"
"3121802149807","0.45699415","0.068810456","0.26138332","0.847408","1.0471976"
"3121812007040","0.4529297","0.06714177","0.26904348","0.84732664","1.0471976"
"3121821864274","0.4476704","0.065557964","0.27813828","0.84730905","1.0471976"
"3121831721507","0.44174853","0.0633616","0.28583798","0.8480214","1.0471976"
"3121841608990","0.43602902","0.06260599","0.29257938","0.8487382","1.0471976"
"3121851496474","0.4327812","0.062620215","0.29513195","0.8495153","1.0471976"
"3121861383957","0.43180996","0.063274056","0.2952731","0.8499121","1.0471976"
"3121871271440","0.43175378","0.0640988","0.2936718","0.85043335","1.0471976"
"3121881159174","0.432371","0.064898916","0.2907516","0.85106236","1.0471976"
"3121891046907","0.43334782","0.06553293","0.2870526","0.8517723","1.0471976"
"3121900934640","0.43440592","0.06609606","0.28276992","0.8526219","1.0471976"
"3121910822374","0.4355666","0.06708301","0.278139","0.8534754","1.0471976"
"3121920710107","0.4364989","0.068459846","0.27409652","0.85419744","1.0471976"
"3121930597840","0.4368625","0.06999734","0.27076116","0.85495025","1.0471976"
"3121940485573","0.43655816","0.07151142","0.26794782","0.85586625","1.0471976"
"3121950373307","0.43594697","0.0725534","0.26446122","0.8571736","1.0471976"
"3121960261040","0.4346043","0.07448131","0.26225755","0.8583664","1.0471976"
"3121970148773","0.4319822","0.07935885","0.25946248","0.86010045","1.0471976"
"3121980036507","0.43005213","0.08764944","0.2537021","0.8619791","1.0471976"
"3121989924240","0.43021724","0.096912354","0.24649942","0.8629943","1.0471976"
"3121999819473","0.43237472","0.10414615","0.24096787","0.86263573","1.0471976"
"3122009714707","0.43595842","0.10806965","0.23937264","0.86079144","1.0471976"
"3122019609940","0.43932799","0.10902146","0.24082792","0.8585495","1.0471976"
"3122029505173","0.44178265","0.108113535","0.24076657","0.85742116","1.0471976"
"3122039392906","0.4426081","0.10789016","0.23994431","0.8572541","1.0471976"
"3122049280640","0.44208074","0.107956156","0.23860875","0.8578904","1.0471976"
"3122059168373","0.44085988","0.10737966","0.23706056","0.8590196","1.0471976"
"3122069056106","0.43949196","0.106660895","0.23640355","0.8599905","1.0471976"
"3122078943840","0.43821475","0.10658471","0.23701985","0.8604819","1.0471976"
"3122088831573","0.43741924","0.10689971","0.23745349","0.86072814","1.0471976"
"3122098719306","0.43749997","0.10686851","0.23666202","0.8609088","1.0471976"
"3122108607040","0.43839407","0.106641755","0.23567611","0.8607526","1.0471976"
"3122118494523","0.4397606","0.106649205","0.2354782","0.86010844","1.0471976"
"3122128382006","0.44139037","0.106088534","0.23443863","0.8596268","1.0471976"
"3122138269490","0.4426519","0.105944216","0.23441115","0.85900325","1.0471976"
"3122148156973","0.44354415","0.10522648","0.23354918","0.85886604","1.0471976"
"3122158044706","0.443736","0.10490423","0.23395391","0.85869616","1.0471976"
"3122167932439","0.44352993","0.104555905","0.23448029","0.8587015","1.0471976"
"3122177820173","0.4431468","0.10419595","0.23506168","0.85878414","1.0471976"
"3122187707906","0.4430278","0.10286233","0.23363453","0.8593956","1.0471976"
"3122197595639","0.44284633","0.1026345","0.23413405","0.8593804","1.0471976"
"3122207483373","0.4429828","0.10251923","0.23453414","0.8592147","1.0471976"
"3122217371106","0.4435432","0.10252669","0.2347632","0.858862","1.0471976"
"3122227258839","0.44461286","0.10216229","0.23386778","0.8585967","1.0471976"
"3122237146573","0.44583625","0.102498636","0.2340077","0.8578838","1.0471976"
"3122247034306","0.44717917","0.10296645","0.23417431","0.85708296","1.0471976"
"3122256922039","0.4482787","0.10342972","0.23444188","0.8563794","1.0471976"
"3122266809773","0.44916743","0.10264569","0.23250693","0.85653555","1.0471976"
"3122276697506","0.44926918","0.10293829","0.23264661","0.85640913","1.0471976"
"3122286585239","0.44899234","0.10331611","0.2327158","0.8564899","1.0471976"
"3122296472972","0.4485484","0.10390818","0.23277228","0.8566357","1.0471976"
"3122306360706","0.4484183","0.1033404","0.230201","0.8574669","1.0471976"
"3122316248189","0.44800487","0.104314","0.23048627","0.85748845","1.0471976"
"3122326135672","0.44763651","0.10522809","0.23092952","0.8574498","1.0471976"
"3122336023156","0.44734138","0.10591151","0.23133685","0.8574099","1.0471976"
"3122345910639","0.44739234","0.10536262","0.2296548","0.85790294","1.0471976"
"3122355798372","0.4474005","0.10534055","0.22912987","0.85804176","1.0471976"
"3122365686106","0.44736567","0.10550471","0.22902432","0.858068","1.0471976"
"3122375573839","0.44720232","0.10568451","0.22895476","0.8581495","1.0471976"
"3122385461572","0.44698504","0.10542043","0.22803982","0.85853875","1.0471976"
"3122395349305","0.44651154","0.10560826","0.22817919","0.858725","1.0471976"
"3122405237039","0.44599518","0.105625026","0.22828646","0.85896283","1.0471976"
"3122415124772","0.44561267","0.105354466","0.22821014","0.8592147","1.0471976"
"3122425012505","0.44580087","0.10374852","0.22577289","0.8599561","1.0471976"
"3122434907739","0.44602883","0.10336425","0.22552477","0.85994923","1.0471976"
"3122444802972","0.44643554","0.10325141","0.22545084","0.85977113","1.0471976"
"3122454698205","0.44693863","0.102879904","0.22466318","0.8597605","1.0471976"
"3122464593439","0.44725257","0.10255725","0.22402687","0.8598019","1.0471976"
"3122474481172","0.44726232","0.102530845","0.22415823","0.8597656","1.0471976"
"3122484368905","0.44712454","0.10229374","0.22405037","0.85989374","1.0471976"
"3122494256639","0.44689244","0.1019597","0.22383338","0.8601105","1.0471976"
"3122504144372","0.44696078","0.10055473","0.22146907","0.8608521","1.0471976"
"3122514032105","0.44695443","0.10046748","0.22131257","0.8609059","1.0471976"
"3122523919838","0.4471373","0.10061505","0.2212375","0.86081296","1.0471976"
"3122533807572","0.44744468","0.10092482","0.22123355","0.86061794","1.0471976"
"3122543695305","0.44792497","0.10070142","0.22007392","0.8606915","1.0471976"
"3122553582788","0.4482367","0.10106783","0.2199832","0.86050946","1.0471976"
"3122563470272","0.4485227","0.10141825","0.21984519","0.8603545","1.0471976"
"3122573357755","0.44878095","0.101759136","0.2197402","0.86020637","1.0471976"
"3122583245238","0.4490385","0.10158725","0.21874893","0.86034495","1.0471976"
"3122593132972","0.44905248","0.10189697","0.21881434","0.8602844","1.0471976"
"3122603020705","0.4489657","0.102154285","0.21888116","0.8602822","1.0471976"
"3122612908438","0.44885144","0.1023179","0.21889485","0.8603188","1.0471976"
"3122622796171","0.4489134","0.10188074","0.21785446","0.86060244","1.0471976"
"3122632683905","0.44898403","0.10192912","0.2177487","0.86058664","1.0471976"
"3122642571638","0.44926503","0.10199016","0.21756382","0.86047953","1.0471976"
"3122652459371","0.44969463","0.10212311","0.21740016","0.8602807","1.0471976"
"3122662347105","0.45031604","0.101388745","0.21562673","0.8604889","1.0471976"
"3122672234838","0.45055076","0.10156102","0.21579559","0.8603032","1.0471976"
"3122682122571","0.45046514","0.10172134","0.21615651","0.86023855","1.0471976"
"3122692010305","0.44973782","0.102201015","0.21686582","0.8603836","1.0471976"
"3122701898038","0.44802263","0.09975334","0.21518725","0.86198574","1.0471976"
"3122711785771","0.44582355","0.09832249","0.21459909","0.86343575","1.0471976"
"3122721673505","0.44454354","0.09819847","0.21358214","0.86436146","1.0471976"
"3122731561238","0.44446695","0.09850813","0.2132175","0.86445564","1.0471976"
"3122741448971","0.445188","0.09875706","0.21293065","0.86412686","1.0471976"
"3122751336454","0.44645917","0.10019316","0.21388501","0.8630695","1.0471976"
"3122761223938","0.44857386","0.10162413","0.21454924","0.86163956","1.0471976"
"3122771111421","0.4510684","0.10233174","0.21449189","0.8602667","1.0471976"
"3122780998904","0.45327112","0.101824485","0.21254565","0.8596519","1.0471976"
"3122790879138","0.45456064","0.10169172","0.21141109","0.8592664","1.0471976"
"3122800759371","0.45507923","0.10161799","0.21058756","0.85920286","1.0471976"
"3122810639604","0.45503014","0.10171986","0.21034561","0.85927606","1.0471976"
"3122820519838","0.45486727","0.10086713","0.20830083","0.8599607","1.0471976"
"3122830415071","0.45403716","0.101139285","0.20884737","0.8602348","1.0471976"
"3122840310304","0.4534747","0.100895956","0.20900989","0.86052054","1.0471976"
"3122850205538","0.45305288","0.100482516","0.20859896","0.86089075","1.0471976"
"3122860100771","0.4527521","0.09943636","0.20674242","0.861618","1.0471976"
"3122869988504","0.45226076","0.09939863","0.20684949","0.8618547","1.0471976"
"3122879876237","0.4519417","0.09943707","0.20711882","0.861953","1.0471976"
"3122889763971","0.4519364","0.0994758","0.2072504","0.8619195","1.0471976"
"3122899651704","0.45238853","0.09888791","0.20617196","0.8620087","1.0471976"
"3122909539437","0.4529348","0.09881985","0.20616458","0.8617314","1.0471976"
"3122919427171","0.453548","0.098720886","0.20613398","0.86142737","1.0471976"
"3122929314904","0.4540899","0.09862185","0.20612323","0.8611559","1.0471976"
"3122939202637","0.45458454","0.09795859","0.20504095","0.861229","1.0471976"
"3122949082621","0.45472595","0.097939","0.20520118","0.8611184","1.0471976"
"3122958962604","0.45466918","0.097931676","0.2054127","0.86109877","1.0471976"
"3122968842587","0.45447782","0.09788801","0.20559868","0.86116034","1.0471976"
"3122978722571","0.45430273","0.09757546","0.2053939","0.86133707","1.0471976"
"3122988617804","0.4541672","0.09735479","0.20544694","0.86142087","1.0471976"
"3122998513037","0.4541244","0.097126365","0.20541133","0.8614776","1.0471976"
"3123008408270","0.45413935","0.0969703","0.20535474","0.86150086","1.0471976"
"3123018303504","0.45431557","0.096396446","0.20434268","0.8617129","1.0471976"
"3123028191237","0.4543595","0.09647658","0.2044381","0.8616583","1.0471976"
"3123038078970","0.45426404","0.0965873","0.20458959","0.8616601","1.0471976"
"3123047966704","0.4538834","0.09667501","0.20478633","0.8618041","1.0471976"
"3123057854437","0.4532582","0.09631873","0.20423268","0.86230445","1.0471976"
"3123067742170","0.45230758","0.09629581","0.20438246","0.8627705","1.0471976"
"3123077629904","0.45128754","0.09618974","0.20447508","0.86329424","1.0471976"
"3123087517637","0.45045963","0.096066564","0.20451976","0.86372983","1.0471976"
"3123097405370","0.45004898","0.09593037","0.20436384","0.8639958","1.0471976"
"3123107292854","0.4500624","0.09596183","0.20428234","0.8640046","1.0471976"
"3123117180337","0.45036235","0.096053496","0.20416225","0.8638665","1.0471976"
"3123127067820","0.4506846","0.09612082","0.20403863","0.8637202","1.0471976"
"3123136955303","0.4508432","0.096005656","0.20375928","0.8637162","1.0471976"
"3123146843037","0.45073277","0.095890015","0.20365876","0.86381024","1.0471976"
"3123156730770","0.45046014","0.09575175","0.20357825","0.8639869","1.0471976"
"3123166618503","0.45014206","0.09567369","0.20354117","0.8641699","1.0471976"
"3123176506237","0.44990993","0.09551326","0.20323622","0.8643803","1.0471976"
"3123186393970","0.4496931","0.095536575","0.20326196","0.86448455","1.0471976"
"3123196281703","0.44950733","0.095534824","0.20328166","0.86457664","1.0471976"
"3123206169437","0.4493282","0.095487006","0.20325679","0.8646809","1.0471976"
"3123216057170","0.44925514","0.0952387","0.20277186","0.86486006","1.0471976"
"3123225944903","0.44925874","0.09532252","0.2027017","0.86486554","1.0471976"
"3123235832637","0.44942266","0.095542125","0.20260662","0.8647783","1.0471976"
"3123245720370","0.44973102","0.09584264","0.20247558","0.86461556","1.0471976"
"3123255608103","0.45014971","0.09581778","0.20166734","0.8645893","1.0471976"
"3123265495836","0.4503693","0.096094854","0.20155343","0.8644706","1.0471976"
"3123275383570","0.45037434","0.09622967","0.20142916","0.8644821","1.0471976"
"3123285271303","0.45020822","0.096229404","0.20128824","0.86460143","1.0471976"
"3123295159036","0.45009816","0.095624804","0.2000848","0.865005","1.0471976"
"3123305054270","0.44989416","0.095635675","0.20000911","0.86512744","1.0471976"
"3123314949503","0.44980222","0.09570119","0.19996908","0.8651772","1.0471976"
"3123324844736","0.4498793","0.095785126","0.19996184","0.8651296","1.0471976"
"3123334739970","0.45014068","0.09555252","0.19942677","0.86514276","1.0471976"
"3123344619953","0.4503575","0.095553406","0.19944398","0.865026","1.0471976"
"3123354499936","0.45053527","0.09548895","0.19943623","0.8649422","1.0471976"
"3123364379919","0.45062914","0.09537326","0.19943416","0.86490655","1.0471976"
"3123374259903","0.4507647","0.09449205","0.19807056","0.86524594","1.0471976"
"3123384147636","0.45067507","0.094311036","0.19803113","0.8653214","1.0471976"
"3123394035369","0.45052093","0.09421242","0.19800483","0.86541843","1.0471976"
"3123403923103","0.45032597","0.09421077","0.19799605","0.8655221","1.0471976"
"3123413810836","0.45018038","0.09405781","0.19755302","0.8657157","1.0471976"
"3123423698569","0.45001155","0.09413514","0.19748835","0.8658098","1.0471976"
"3123433586303","0.44983384","0.09420165","0.1973911","0.8659171","1.0471976"
"3123443474036","0.44971088","0.09426404","0.19725706","0.8660047","1.0471976"
"3123453361769","0.44985494","0.09372312","0.19589247","0.8662984","1.0471976"
"3123463257003","0.44998673","0.093882814","0.19576898","0.8662405","1.0471976"
"3123473152236","0.45013836","0.094121404","0.19569884","0.86615163","1.0471976"
"3123483047469","0.4502331","0.09438817","0.19568135","0.8660773","1.0471976"
"3123492942702","0.45031714","0.09410774","0.19468568","0.8662885","1.0471976"
"3123502830436","0.45014307","0.09426904","0.1947099","0.86635596","1.0471976"
"3123512718169","0.44985744","0.094311684","0.19476599","0.8664871","1.0471976"
"3123522605902","0.44956234","0.09422969","0.19480678","0.86664003","1.0471976"
"3123532493636","0.44934544","0.094071805","0.19478495","0.86677456","1.0471976"
"3123542373619","0.4492678","0.09391652","0.19477557","0.8668336","1.0471976"
"3123552253602","0.4493623","0.09380635","0.19483055","0.8667844","1.0471976"
"3123562133586","0.44960704","0.09376148","0.19493191","0.8666395","1.0471976"
"3123572013569","0.4500517","0.09317152","0.19386658","0.86671114","1.0471976"
"3123581908802","0.4502809","0.093195155","0.19394727","0.8665716","1.0471976"
"3123591804036","0.45031083","0.09319017","0.1939919","0.8665466","1.0471976"
"3123601699269","0.4501532","0.09316025","0.19397154","0.8666363","1.0471976"
"3123611594502","0.44988778","0.093101576","0.19389911","0.86679655","1.0471976"
"3123621482235","0.44958067","0.09307147","0.19385928","0.86696804","1.0471976"
"3123631369969","0.44933936","0.09307376","0.19379663","0.86710685","1.0471976"
"3123641257702","0.44919893","0.09314266","0.19376123","0.86718017","1.0471976"
"3123651145435","0.44917318","0.093234465","0.19369744","0.86719793","1.0471976"
"3123661025419","0.44926816","0.093378104","0.19370627","0.8671312","1.0471976"
"3123670905402","0.44947478","0.093543105","0.1937121","0.86700517","1.0471976"
"3123680785385","0.449716","0.09369618","0.19371194","0.86686355","1.0471976"
"3123690665369","0.45000052","0.09360205","0.19333184","0.86681086","1.0471976"
"3123700553102","0.45019835","0.09367136","0.19331565","0.86670417","1.0471976"
"3123710440835","0.45027196","0.09373966","0.19331029","0.86665976","1.0471976"
"3123720328569","0.45017433","0.09377595","0.19331497","0.86670554","1.0471976"
"3123730216302","0.44996214","0.09363854","0.19313669","0.8668703","1.0471976"
"3123740104035","0.44968","0.0935812","0.19321166","0.8670062","1.0471976"
"3123749991768","0.44946522","0.09353057","0.19329982","0.86710346","1.0471976"
"3123759879502","0.4493663","0.09347941","0.19335467","0.86714786","1.0471976"
"3123769767235","0.4494306","0.09342932","0.19333252","0.86712503","1.0471976"
"3123779654968","0.44962737","0.09341909","0.19328389","0.86703485","1.0471976"
"3123789542702","0.44986367","0.09342628","0.1932127","0.8669274","1.0471976"
"3123799430435","0.4500412","0.09343001","0.19313735","0.86685175","1.0471976"
"3123809318168","0.45008513","0.09337994","0.1930156","0.8668614","1.0471976"
"3123819213402","0.4499286","0.09335262","0.19302218","0.86694413","1.0471976"
"3123829108635","0.4496057","0.09328411","0.19304612","0.8671136","1.0471976"
"3123839003868","0.44923714","0.09317455","0.19310163","0.86730415","1.0471976"
"3123848899101","0.4489416","0.09305617","0.19315666","0.8674575","1.0471976"
"3123858786835","0.44878003","0.09291544","0.19310163","0.8675685","1.0471976"
"3123868674568","0.4487814","0.09288251","0.19312073","0.86756694","1.0471976"
"3123878562301","0.44896534","0.09295205","0.1931168","0.86746526","1.0471976"
"3123888450035","0.44927603","0.09304488","0.1929138","0.8673396","1.0471976"
"3123898337768","0.44969958","0.09266453","0.19163898","0.8674434","1.0471976"
"3123908225501","0.44984606","0.09295056","0.19159597","0.86734635","1.0471976"
"3123918113235","0.44975227","0.09322934","0.19154693","0.8673759","1.0471976"
"3123928000968","0.44945893","0.09344105","0.19146994","0.8675222","1.0471976"
"3123937888451","0.44906637","0.09362225","0.19149224","0.8677011","1.0471976"
"3123947775935","0.4486872","0.0937574","0.19155364","0.86786896","1.0471976"
"3123957663418","0.448449","0.0938702","0.19158417","0.86797327","1.0471976"
"3123967550901","0.44842765","0.09396933","0.1915603","0.8679787","1.0471976"
"3123977438634","0.4486056","0.0940551","0.19152804","0.8678846","1.0471976"
"3123987326368","0.4488881","0.094131745","0.19153357","0.8677291","1.0471976"
"3123997214101","0.44915378","0.09414266","0.19157167","0.86758184","1.0471976"
"3124007101834","0.4493554","0.09402717","0.19154263","0.8674964","1.0471976"
"3124016989568","0.44947153","0.0938981","0.1915946","0.86743885","1.0471976"
"3124026877301","0.44953543","0.09374784","0.19163865","0.86741227","1.0471976"
"3124036765034","0.44960135","0.09357155","0.19164725","0.86739516","1.0471976"
"3124046652768","0.4498446","0.09280777","0.1904607","0.86761236","1.0471976"
"3124056540501","0.4500329","0.09269567","0.19039828","0.8675404","1.0471976"
"3124066428234","0.45028353","0.09265013","0.19030295","0.8674363","1.0471976"
"3124076315968","0.4505719","0.09269513","0.1902062","0.8673028","1.0471976"
"3124086203701","0.45093966","0.092798784","0.19002302","0.8671408","1.0471976"
"3124096098934","0.4514459","0.09302341","0.1898974","0.86688083","1.0471976"
"3124105994167","0.4521256","0.09332759","0.18972512","0.86653155","1.0471976"
"3124115889401","0.45284712","0.093741454","0.18954213","0.86614996","1.0471976"
"3124125784634","0.45348877","0.09419873","0.18934773","0.8658071","1.0471976"
"3124135664617","0.45397097","0.09465403","0.18917863","0.8655417","1.0471976"
"3124145544601","0.45419592","0.095047966","0.18899094","0.86542153","1.0471976"
"3124155424584","0.4541727","0.095353305","0.18880658","0.86544037","1.0471976"
"3124165304567","0.4540027","0.09561647","0.18864997","0.8655347","1.0471976"
"3124175200051","0.45372456","0.095919475","0.18858325","0.86566156","1.0471976"
"3124185095534","0.45344248","0.09620729","0.18855996","0.8657824","1.0471976"
"3124194991017","0.45323512","0.09644483","0.18854618","0.8658677","1.0471976"
"3124204886500","0.4530632","0.096599914","0.1885253","0.8659448","1.0471976"
"3124214773984","0.45255908","0.09668084","0.18863367","0.8661759","1.0471976"
"3124224661467","0.45158267","0.09642068","0.18890122","0.866656","1.0471976"
"3124234548950","0.4505224","0.095969684","0.18905802","0.8672235","1.0471976"
"3124244436434","0.44997376","0.0957983","0.18890502","0.8675605","1.0471976"
"3124254324167","0.4504477","0.095911294","0.18868683","0.8673495","1.0471976"
"3124264211900","0.4518945","0.096163005","0.1885492","0.8665988","1.0471976"
"3124274099634","0.4535659","0.0964072","0.1884788","0.8657133","1.0471976"
"3124283987367","0.45495033","0.09630305","0.18831368","0.8650341","1.0471976"
"3124293875100","0.45640504","0.09607426","0.18793678","0.86437494","1.0471976"
"3124303762834","0.45801494","0.09597534","0.18740648","0.8636492","1.0471976"
"3124313650567","0.45950735","0.09600017","0.18693592","0.86295545","1.0471976"
"3124323538300","0.46069396","0.09608623","0.1865801","0.86238986","1.0471976"
