"timestamp","x","y","z"
"3116284581122","-0.051923547","0.0096211275","-0.0096211275"
"3116294468856","-0.051923547","0.0096211275","-0.0096211275"
"3116299412597","-0.060322944","0.0071776668","-0.0106901415"
"3116304356339","-0.060322944","0.0071776668","-0.0106901415"
"3116309300081","-0.063988134","0.0047342055","-0.0106901415"
"3116314243822","-0.063988134","0.0047342055","-0.0106901415"
"3116319187564","-0.0627664","0.0047342055","-0.011911872"
"3116324131306","-0.0627664","0.0047342055","-0.011911872"
"3116329075047","-0.053145275","0.0021380284","-0.0143553335"
"3116334018789","-0.053145275","0.0021380284","-0.0143553335"
"3116338962656","-0.036193766","0.0021380284","-0.01695151"
"3116343906522","-0.036193766","0.0021380284","-0.01695151"
"3116348850389","-0.013286319","-4.5814895E-4","-0.017104227"
"3116353794255","-0.013286319","-4.5814895E-4","-0.017104227"
"3116358738122","0.008399397","-0.0027488936","-0.0125227375"
"3116363681989","0.008399397","-0.0027488936","-0.0125227375"
"3116368625855","0.027641652","-0.005192355","-0.009010263"
"3116373569722","0.027641652","-0.005192355","-0.009010263"
"3116378513589","0.045814894","-0.0076358155","-0.007941248"
"3116383457455","0.045814894","-0.0076358155","-0.007941248"
"3116388401322","0.058948494","-0.012675454","-0.009162978"
"3116393345189","0.058948494","-0.012675454","-0.009162978"
"3116398289055","0.06627888","-0.013897184","-0.01160644"
"3116403232922","0.06627888","-0.013897184","-0.01160644"
"3116408176789","0.06261369","-0.012675454","-0.01160644"
"3116413120655","0.06261369","-0.012675454","-0.01160644"
"3116418064522","0.050549097","-0.008857546","-0.009162978"
"3116423008389","0.050549097","-0.008857546","-0.009162978"
"3116427952255","0.032528576","-0.006414085","-0.0065668016"
"3116432896122","0.032528576","-0.006414085","-0.0065668016"
"3116437839989","0.010842858","-0.0076358155","-0.0050396384"
"3116442783855","0.010842858","-0.0076358155","-0.0050396384"
"3116447727722","-0.009773844","-0.0062613687","-0.002443461"
"3116452671589","-0.009773844","-0.0062613687","-0.002443461"
"3116457615455","-0.027794369","-0.0062613687","-0.0035124752"
"3116462559322","-0.027794369","-0.0062613687","-0.0035124752"
"3116467503188","-0.041080687","-0.0038179078","-0.0033597588"
"3116472447055","-0.041080687","-0.0038179078","-0.0033597588"
"3116477390922","-0.051923547","0.0012217305","-0.0021380284"
"3116482334788","-0.051923547","0.0012217305","-0.0021380284"
"3116487278655","-0.05665775","0.007330383","0.0013744468"
"3116492222522","-0.05665775","0.007330383","0.0013744468"
"3116497166263","-0.05421429","0.010995574","0.0025961774"
"3116502110005","-0.05421429","0.010995574","0.0025961774"
"3116507053747","-0.0421497","0.010995574","0.004886922"
"3116511997488","-0.0421497","0.010995574","0.004886922"
"3116516941230","-0.0290161","0.008552114","0.0047342055"
"3116521884972","-0.0290161","0.008552114","0.0047342055"
"3116526828713","-0.018020526","0.007330383","0.00580322"
"3116531772455","-0.018020526","0.007330383","0.00580322"
"3116536716322","-0.012064588","0.0061086523","0.0033597588"
"3116541660188","-0.012064588","0.0061086523","0.0033597588"
"3116546604055","-0.0096211275","0.0061086523","0.0033597588"
"3116551547922","-0.0096211275","0.0061086523","0.0033597588"
"3116556491788","-0.0096211275","0.0061086523","0.0033597588"
"3116561435655","-0.0096211275","0.0061086523","0.0033597588"
"3116566379522","-0.008399397","0.0061086523","0.0021380284"
"3116571323388","-0.008399397","0.0061086523","0.0021380284"
"3116576267255","-0.010842858","0.009773844","0.0033597588"
"3116581211122","-0.010842858","0.009773844","0.0033597588"
"3116586154988","-0.018020526","0.014660766","0.004428773"
"3116591098855","-0.018020526","0.014660766","0.004428773"
"3116596042721","-0.018020526","0.014660766","0.004428773"
"3116600986588","-0.028863383","0.020922136","0.006872234"
"3116605930455","-0.03970624","0.020922136","0.0070249503"
"3116610874321","-0.050549097","0.019700404","0.0035124752"
"3116615821938","-0.055436023","0.015882496","0.0"
"3116620769555","-0.059101213","0.012217305","-0.0022907446"
"3116625717171","-0.06154467","0.008552114","-0.0022907446"
"3116630664788","-0.063988134","0.008552114","-9.162979E-4"
"3116635612405","-0.0627664","0.008552114","0.0025961774"
"3116640560021","-0.05665775","0.007483099","0.0050396384"
"3116645507638","-0.044593163","0.004886922","0.0062613687"
"3116650455255","-0.03145956","0.002443461","0.0061086523"
"3116655399121","-0.012064588","-0.0012217305","0.0035124752"
"3116660342988","0.010842858","-0.0038179078","9.162979E-4"
"3116665286855","0.032528576","-0.007483099","7.6358154E-4"
"3116670230721","0.05177083","-0.007483099","6.1086525E-4"
"3116675174588","0.067500606","-0.0062613687","0.003970624"
"3116680118455","0.077121735","-0.0038179078","0.0038179078"
"3116685062321","0.08200866","-0.0025961774","0.0038179078"
"3116690006188","0.0795652","0.0010690142","0.0025961774"
"3116694950054","0.06994407","0.0047342055","0.0025961774"
"3116699893921","0.054367006","0.0071776668","0.0027488936"
"3116704837788","0.034972034","0.008399397","0.0016798794"
"3116709781654","0.010842858","0.007330383","0.001985312"
"3116714725521","-0.012064588","0.0047342055","-0.0013744468"
"3116719669388","-0.0290161","-0.0025961774","-0.005955936"
"3116724613254","-0.038789943","-0.008857546","-0.009468411"
"3116729557121","-0.038789943","-0.013744468","-0.011759156"
"3116734500988","-0.03390302","-0.01740966","-0.010537425"
"3116739444854","-0.025503624","-0.01740966","-0.008093964"
"3116744388721","-0.014660766","-0.01863139","-0.004581489"
"3116749332588","-0.0013744468","-0.022296581","-0.0022907446"
"3116754276454","0.014202617","-0.028405234","-0.0010690142"
"3116759220321","0.02397646","-0.025961773","-0.002443461"
"3116764164188","0.026419923","-0.018478673","0.0010690142"
"3116769108054","0.02275473","-0.018478673","0.005955936"
"3116774051796","0.018020526","-0.015882496","0.0096211275"
"3116778995538","0.013133603","-0.017104227","0.010842858"
"3116783939279","0.0106901415","-0.021991149","0.009773844"
"3116788883021","0.008246681","-0.022143865","0.0050396384"
"3116793826763","0.0047342055","-0.019700404","0.0013744468"
"3116798770504","0.0022907446","-0.017256944","0.0"
"3116803714246","0.0010690142","-0.011148291","0.0012217305"
"3116808657988","-1.5271631E-4","-0.007483099","0.0022907446"
"3116813601854","0.0035124752","-0.0050396384","0.0022907446"
"3116818545721","0.0071776668","-0.0038179078","-3.0543262E-4"
"3116823489587","0.012064588","-1.5271631E-4","-0.003970624"
"3116828433454","0.0096211275","0.0035124752","-0.0065668016"
"3116833377321","0.008399397","0.0021380284","-0.010079277"
"3116838321187","0.0071776668","9.162979E-4","-0.011301007"
"3116843265054","0.0106901415","-0.006414085","-0.012370021"
"3116848208921","0.019242255","-0.007788532","-0.013744468"
"3116853152787","0.028863383","-0.011301007","-0.010079277"
"3116858096654","0.03848451","-0.0125227375","-0.0065668016"
"3116863040521","0.044593163","-0.011301007","-0.00290161"
"3116867984387","0.045814894","-0.00992656","0.0067195175"
"3116872928254","0.04337143","-0.009773844","0.01282817"
"3116877872121","0.03848451","-0.01450805","0.02031127"
"3116882815987","0.03604105","-0.024281893","0.025350908"
"3116887759854","0.030085113","-0.019394971","0.025350908"
"3116892703721","0.02321288","0.043066","0.013286319"
"3116897647587","0.030543262","0.072540246","0.01985312"
"3116902591454","0.04627304","0.050549097","0.09682214"
"3116907535321","0.05100725","0.024587326","0.23976462"
"3116912479187","0.017256944","-0.02275473","0.41386122"
"3116917423054","-0.084146686","-0.07376198","0.5839872"
"3116922366921","-0.2507602","-0.11407909","0.7254025"
"3116927310787","-0.44638976","-0.15989397","0.8355109"
"3116932254529","-0.6348417","-0.20738874","0.91645056"
"3116937198271","-0.77625704","-0.26618454","0.982424"
"3116942142012","-0.86101454","-0.33353242","1.0577132"
"3116947085754","-0.88438016","-0.4279111","1.135293"
"3116952029495","-0.84650654","-0.5534439","1.1898128"
"3116956973237","-0.7554876","-0.68768156","1.2379184"
"3116961916979","-0.63194007","-0.8219192","1.2965615"
"3116966860720","-0.49266282","-0.9460775","1.3683381"
"3116971804587","-0.36285394","-1.0575604","1.4581354"
"3116976748454","-0.26923886","-1.1640037","1.5651895"
"3116981692320","-0.22983804","-1.2712106","1.6826283"
"3116986636187","-0.2519819","-1.3724614","1.7970128"
"3116991580054","-0.3381139","-1.467451","1.8984165"
"3116996523920","-0.47616947","-1.5554156","1.9843957"
"3117001467787","-0.65026605","-1.6349808","2.058463"
"3117006411654","-0.82558435","-1.7035505","2.1250474"
"3117011355520","-0.9790643","-1.7698293","2.1804836"
"3117016299387","-1.0928379","-1.8451185","2.2209532"
"3117021243254","-1.1609493","-1.9304869","2.2464569"
"3117026187120","-1.1916454","-2.0222695","2.2536347"
"3117031130987","-1.1945469","-2.1168008","2.2482896"
"3117036074854","-1.1974486","-2.2015584","2.2438607"
"3117041018720","-1.2136365","-2.2606595","2.2319489"
"3117045962587","-1.2560917","-2.3101397","2.196824"
"3117050906454","-1.3242031","-2.371379","2.1294763"
"3117055850320","-1.3982705","-2.4465153","2.0282254"
"3117060794187","-1.4618006","-2.5404358","1.9017762"
"3117065738053","-1.5034921","-2.63344","1.767844"
"3117070681920","-1.5184582","-2.6933048","1.6303993"
"3117075625787","-1.5042557","-2.7065911","1.4941764"
"3117080569653","-1.4633276","-2.6844473","1.3570372"
"3117085513520","-1.3883439","-2.6438248","1.2226468"
"3117090457387","-1.274723","-2.5760188","1.0995574"
"3117095401253","-1.1438452","-2.4674375","0.998612"
"3117100345120","-1.0285443","-2.3399193","0.93508196"
"3117105288987","-0.95432425","-2.214081","0.9086621"
"3117110232853","-0.946383","-2.104736","0.91721416"
"3117115176720","-1.0181596","-2.0157025","0.95386606"
"3117120120587","-1.1456778","-1.9619465","1.0016663"
"3117125064453","-1.2831224","-1.9376645","1.0500773"
"3117130008195","-1.4049901","-1.9381227","1.0914634"
"3117134951937","-1.500285","-1.9532416","1.1317806"
"3117139895678","-1.5654949","-1.975691","1.1803443"
"3117144839420","-1.6065756","-2.0027218","1.2409728"
"3117149783162","-1.6187929","-2.0309741","1.3147347"
"3117154726903","-1.6116152","-2.054187","1.3930782"
"3117159670645","-1.598329","-2.0751092","1.4639386"
"3117164614387","-1.5972599","-2.1036673","1.5230398"
"3117169558253","-1.6131424","-2.147955","1.5897768"
"3117174502120","-1.624138","-2.1989622","1.691944"
"3117179445987","-1.6300939","-2.2198844","1.8385516"
"3117184389853","-1.6588045","-2.218357","2.0007365"
"3117189333720","-1.7600555","-2.215761","2.147802"
"3117194277586","-1.9793562","-2.2036965","2.2679899"
"3117199221453","-2.321746","-2.1707096","2.3744333"
"3117204165320","-2.770121","-2.1142046","2.4851525"
"3117209109186","-3.3099732","-2.036472","2.6145031"
"3117214053053","-3.9162571","-1.9472857","2.7591257"
"3117218996920","-4.5199447","-1.8506162","2.9132164"
"3117223940786","-5.0573535","-1.7528778","3.0702088"
"3117228884653","-5.4898458","-1.6652187","3.2117767"
"3117233828520","-5.822462","-1.609019","3.318831"
"3117238772386","-6.05398","-1.6174184","3.3834298"
"3117243716253","-6.1666846","-1.6965255","3.406948"
"3117248663870","-6.173557","-1.8301523","3.4121406"
"3117253611486","-6.1239243","-2.0117319","3.414126"
"3117258559103","-6.0455804","-2.230269","3.4142785"
"3117263506720","-5.9322653","-2.4524713","3.4164166"
"3117268454336","-5.784894","-2.641534","3.4235942"
"3117273401953","-5.6251526","-2.7789788","3.435659"
"3117278349570","-5.454416","-2.8648052","3.4526103"
"3117283297186","-5.260466","-2.9213104","3.4663548"
"3117288241053","-5.0471215","-2.9680414","3.4797938"
"3117293184919","-4.841107","-3.0294335","3.4946074"
"3117298128786","-4.6546407","-3.1227431","3.509268"
"3117303072653","-4.4635925","-3.2554536","3.513544"
"3117308016519","-4.2461243","-3.4066427","3.5095735"
"3117312960386","-3.9851322","-3.556763","3.506214"
"3117317904253","-3.6769507","-3.6786306","3.506672"
"3117322848119","-3.314402","-3.7882807","3.513697"
"3117327788111","-2.8927524","-3.8944187","3.5175147"
"3117332728103","-2.4058928","-4.009261","3.5086572"
"3117337668094","-1.8674151","-4.1344886","3.4848335"
"3117342608086","-1.2986995","-4.264603","3.4510832"
"3117347548078","-0.70707655","-4.392579","3.4049628"
"3117352488069","-0.1142318","-4.5097127","3.3487632"
"3117357428061","0.43417248","-4.6025643","3.2791247"
"3117362368053","0.8958339","-4.6586113","3.1878002"
"3117367315794","1.2359331","-4.6657887","3.0808988"
"3117372263536","1.4437801","-4.606535","2.9788845"
"3117377211278","1.5216653","-4.4802384","2.903748"
"3117382159019","1.4705054","-4.322788","2.8486173"
"3117387106761","1.321607","-4.196186","2.7782152"
"3117392054503","1.1239921","-4.136321","2.6731462"
"3117397002244","0.9271407","-4.1416664","2.5547912"
"3117401949986","0.763887","-4.1885505","2.4491115"
"3117406889978","0.6461427","-4.2684207","2.3545802"
"3117411829969","0.55970526","-4.380362","2.2568417"
"3117416769961","0.4792238","-4.5048256","2.1348214"
"3117421709953","0.3831652","-4.5943174","1.9830213"
"3117426649944","0.24404067","-4.6179886","1.8023579"
"3117431589936","0.08231409","-4.585613","1.5903877"
"3117436529927","-0.07666359","-4.4860415","1.3684908"
"3117441469919","-0.24373524","-4.3282857","1.1734722"
"3117446417536","-0.43463063","-4.1454844","1.010982"
"3117451365152","-0.65576386","-3.9527562","0.8425359"
"3117456312769","-0.88056225","-3.7716348","0.64644814"
"3117461260386","-1.0740538","-3.6140316","0.44318274"
"3117466208002","-1.202641","-3.481779","0.26526824"
"3117471155619","-1.2709051","-3.3603697","0.11255192"
"3117476103236","-1.2594514","-3.216969","-0.04627304"
"3117481050852","-1.1450669","-3.015231","-0.22571471"
"3117485994719","-0.94806284","-2.7276661","-0.40668353"
"3117490938586","-0.68676525","-2.3614523","-0.56413406"
"3117495882452","-0.3538437","-1.9596558","-0.71837753"
"3117500826319","0.022296581","-1.5470163","-0.88789266"
"3117505770186","0.39629883","-1.1249083","-1.0684034"
"3117510714052","0.7664832","-0.70280045","-1.248914"
"3117515657919","1.1029172","-0.29367346","-1.4094188"
"3117520601786","1.351234","0.10827587","-1.5664113"
"3117525545652","1.5065464","0.4888449","-1.7583756"
"3117530489519","1.5771013","0.8565858","-1.9906571"
"3117535433386","1.5885551","1.220356","-2.249053"
"3117540377252","1.5723672","1.578934","-2.5289822"
"3117545321119","1.560608","1.9066632","-2.8168523"
"3117550264985","1.5932893","2.1962132","-3.1091514"
"3117555208852","1.6994271","2.447737","-3.397938"
"3117560152719","1.9043725","2.6713138","-3.6566393"
"3117565096460","2.2237022","2.8487701","-3.8814378"
"3117570040202","2.6500862","2.9964468","-4.1129556"
"3117574983944","3.1635184","3.14","-4.366007"
"3117579927685","3.7358992","3.269809","-4.6230283"
"3117584871427","4.323857","3.3987014","-4.868138"
"3117589815169","4.8866167","3.5272887","-5.123785"
"3117594758910","5.376836","3.6360226","-5.4050884"
"3117599702652","5.7980275","3.723529","-5.714339"
"3117604642769","6.144235","3.7807977","-6.007707"
"3117609582885","6.402173","3.7739255","-6.248846"
"3117614523002","6.5991774","3.6601517","-6.437298"
"3117619463119","6.795418","3.4119878","-6.5889454"
"3117624403235","7.0125804","3.0353894","-6.7137146"
"3117629343352","7.195534","2.5662448","-6.8045807"
"3117634283469","7.322747","2.0459404","-6.874372"
"3117639223585","7.4340773","1.5060883","-6.9398875"
"3117644171202","7.528609","0.9773844","-7.0067773"
"3117649118819","7.620849","0.47800204","-7.079012"
"3117654066435","7.7399683","0.021380283","-7.1536903"
"3117659014052","7.820755","-0.37751472","-7.2315755"
"3117663961669","7.8622937","-0.68554354","-7.3096137"
"3117668909285","7.882605","-0.9042333","-7.401549"
"3117673856902","7.8732896","-1.045954","-7.5142536"
"3117678804518","7.8183117","-1.122923","-7.645895"
"3117683748385","7.7228637","-1.1323915","-7.783492"
"3117688692252","7.5997744","-1.0986412","-7.909483"
"3117693636118","7.4563737","-1.0410671","-7.9992805"
"3117698579985","7.322747","-0.98868537","-8.031809"
"3117703523852","7.1938543","-0.9596693","-7.999433"
"3117708467718","7.0758047","-0.9592112","-7.9032216"
"3117713411585","7.010748","-0.9737192","-7.752491"
"3117718355452","6.9382076","-1.0257955","-7.5657187"
"3117723299318","6.816951","-1.1669053","-7.359399"
"3117728243185","6.7047043","-1.4146112","-7.138877"
"3117733187052","6.650948","-1.7779233","-6.923852"
"3117738130918","6.668205","-2.1736112","-6.7405925"
"3117743074785","6.760293","-2.5612051","-6.5814624"
"3117748018652","6.7728157","-2.9075658","-6.452722"
"3117752962518","6.688669","-3.087313","-6.353304"
"3117757906385","6.622237","-2.931237","-6.190203"
"3117762850127","6.48632","-2.7085764","-5.947384"
"3117767793868","6.2018094","-2.501035","-5.660125"
"3117772737610","5.8659863","-2.2401955","-5.3443074"
"3117777681352","5.573687","-1.9478966","-4.979621"
"3117782625093","5.398827","-1.6137533","-4.5243735"
"3117787568835","5.3647714","-1.1672108","-4.010941"
"3117792512576","5.4180694","-0.6055202","-3.5665367"
"3117797456318","5.426163","0.08536842","-3.1839824"
"3117802400185","5.3087244","0.9457721","-2.798679"
"3117807344051","5.0804133","1.6639969","-2.4178047"
"3117812287918","4.772537","2.3377812","-1.9743165"
"3117817231785","4.383416","2.9741502","-1.5109752"
"3117822175651","3.8899899","3.5156822","-1.084744"
"3117827119518","3.2904255","4.05752","-0.7134906"
"3117832063385","2.5499043","4.480391","-0.43188173"
"3117837007251","1.7933476","4.841565","-0.25121832"
"3117841947243","1.0922271","5.2064047","-0.13454308"
"3117846887235","0.46838093","5.578574","-0.009010263"
"3117851827226","-0.027488936","5.975942","0.15485434"
"3117856767218","-0.30192015","6.4542494","0.34880406"
"3117861707210","-0.39385536","6.990131","0.5493206"
"3117866647201","-0.3941608","7.523111","0.7295258"
"3117871587193","-0.3089451","8.020508","0.8414669"
"3117876527185","-0.12782355","8.446587","0.88071495"
"3117881474926","0.14950927","8.836165","0.8746063"
"3117886422668","0.48915035","9.137933","0.8258898"
"3117891370410","0.82650065","9.299812","0.70707655"
"3117896318151","1.1743884","9.393122","0.519999"
"3117901265893","1.5074627","9.4479475","0.29993483"
"3117906213635","1.8209893","9.469938","0.1001819"
"3117911161376","2.235614","9.416335","-0.05879578"
"3117916109118","2.75882","9.375865","-0.16218472"
"3117921052859","3.2768338","9.453598","-0.24220806"
"3117925996601","3.7453675","9.536065","-0.3268129"
"3117930940343","4.1738896","9.593333","-0.46273044"
"3117935884084","4.568661","9.659307","-0.66416323"
"3117940827826","4.9017353","9.742079","-0.90316427"
"3117945771568","5.1676145","9.845468","-1.1527027"
"3117950715309","5.3866096","10.0042925","-1.3993396"
"3117955659051","5.5541396","10.233367","-1.6285667"
"3117960602918","5.664248","10.531317","-1.8513799"
"3117965546784","5.711743","10.863322","-2.10214"
"3117970490651","5.738468","11.168449","-2.4141395"
"3117975434518","5.7080774","11.405313","-2.780353"
"3117980378384","5.6602774","11.578798","-3.2021556"
"3117985322251","5.594304","11.707843","-3.5705073"
"3117990266118","5.509699","11.751062","-3.7835467"
"3117995209984","5.4290648","11.768014","-3.8024833"
"3118000150101","5.295285","11.770457","-3.5892916"
"3118005090218","5.0422344","11.7101345","-3.1033483"
"3118010030334","4.6395216","11.624765","-2.4448354"
"3118014970451","4.0894375","11.528249","-1.8710803"
"3118019910568","3.43291","11.4060755","-1.4563028"
"3118024850684","2.650697","11.302839","-1.1623238"
"3118029790801","1.7420349","11.224191","-0.88453287"
"3118034730918","0.77671516","11.140961","-0.5111415"
"3118039678534","-0.21884248","11.010387","0.0364992"
"3118044626151","-1.3100005","10.773525","0.75640386"
"3118049573767","-2.6299276","10.420751","1.5639677"
"3118054521384","-4.145942","9.971458","2.2988386"
"3118059469001","-5.7662625","9.465052","2.8460212"
"3118064416617","-7.2967854","8.906415","3.1268666"
"3118069364234","-8.535926","8.33266","2.893516"
"3118074311851","-9.441533","7.578852","2.1090124"
"3118079255717","-9.993908","6.3539147","1.2038627"
"3118084199584","-10.0670595","4.50055","0.6206391"
"3118089143451","-9.557751","2.5002716","0.56505036"
"3118094087317","-8.668789","1.5658003","0.8889617"
"3118099031184","-7.28579","1.5068518","1.3077098"
"3118103975051","-5.4635787","1.4866933","1.6652187"
"3118108918917","-3.4584136","1.2092078","1.8299996"
"3118113862784","-1.6400205","0.6209445","1.727985"
"3118118806526","-0.44150287","-0.24281894","1.3168727"
"3118123750267","-0.019394971","-1.1714869","0.68386364"
"3118128694009","-0.2322815","-1.9320141","-0.072540246"
"3118133637751","-0.8249735","-2.4309382","-0.84497935"
"3118138581492","-1.5459472","-2.5937338","-1.5632042"
"3118143525234","-2.2153027","-2.4199426","-2.1671972"
"3118148468976","-2.744312","-2.010663","-2.616794"
"3118153412717","-3.084564","-1.5340353","-2.9029844"
"3118158356584","-3.1633656","-1.1349876","-3.1137328"
"3118163300450","-2.9463558","-0.91599244","-3.3542612"
"3118168244317","-2.4874432","-0.98822725","-3.6764925"
"3118173188184","-1.8413006","-1.4167492","-4.0920334"
"3118178132050","-0.95462966","-2.1690297","-4.541172"
"3118183075917","0.24724771","-3.0934217","-4.9220467"
"3118188019784","1.7539468","-3.9101484","-5.1352386"
"3118192963650","3.435659","-4.363258","-5.161964"
"3118197907517","5.0200906","-4.3686028","-5.0433035"
"3118202851384","6.3033657","-4.0814962","-4.849659"
"3118207795250","7.228979","-3.6844337","-4.6473103"
"3118212739117","7.884896","-3.3820555","-4.4765735"
"3118217682984","8.358316","-3.3354769","-4.361883"
"3118222626850","8.615338","-3.5425603","-4.3263"
"3118227570717","8.568454","-3.936721","-4.3493605"
"3118232514584","8.209266","-4.469243","-4.3881507"
"3118237458450","7.593208","-5.001154","-4.337907"
"3118242402317","6.764416","-5.468771","-3.972762"
"3118247346184","5.750991","-6.1862326","-3.455512"
"3118252290050","4.5700355","-7.0167036","-3.1850514"
"3118257233917","3.1700852","-7.6718564","-3.160464"
"3118262177784","1.6948457","-8.178875","-3.3889277"
"3118267121650","0.3587306","-8.582657","-3.7415497"
"3118272065517","-0.7690793","-8.871443","-4.095088"
"3118277009384","-1.7252362","-8.936042","-4.2358923"
"3118281953250","-2.4162774","-8.856019","-4.2752934"
"3118286897117","-2.911231","-8.688489","-4.2772784"
"3118291840983","-3.2273538","-8.489041","-4.265825"
"3118296784850","-3.391371","-8.28486","-4.245208"
"3118301728717","-3.4698672","-8.09763","-4.2116103"
"3118306672583","-3.5666895","-7.9600325","-4.1331143"
"3118311616450","-3.7169623","-7.887645","-3.999182"
"3118316560192","-3.945884","-7.8564906","-3.8366919"
"3118321503933","-4.2943826","-7.8587813","-3.7087157"
"3118326447675","-4.785518","-7.867028","-3.6609154"
"3118331391417","-5.377905","-7.855574","-3.6913059"
"3118336335158","-6.01855","-7.827322","-3.821573"
"3118341278900","-6.702566","-7.7671514","-4.0286565"
"3118346222642","-7.404603","-7.677049","-4.277584"
"3118351166383","-8.049982","-7.603134","-4.5401034"
"3118356110250","-8.550739","-7.5513635","-4.792696"
"3118361054117","-8.879079","-7.523111","-5.0480375"
"3118365997983","-9.102198","-7.4666057","-5.2902455"
"3118370941850","-9.285458","-7.3948293","-5.4918313"
"3118375885717","-9.413128","-7.315875","-5.6248474"
"3118380829583","-9.461997","-7.2199693","-5.684712"
"3118385773450","-9.462761","-7.1196346","-5.70258"
"3118390717317","-9.505522","-7.0238814","-5.7053285"
"3118395661183","-9.587225","-6.9476757","-5.7036486"
"3118400605050","-9.683589","-6.9241576","-5.7030377"
"3118405548916","-9.812787","-6.9401927","-5.7135754"
"3118410492783","-9.9725275","-7.006624","-5.743355"
"3118415436650","-10.1203575","-7.0981016","-5.797264"
"3118420380516","-10.241614","-7.198589","-5.8754544"
"3118425324383","-10.305144","-7.295869","-5.9799128"
"3118430268250","-10.288803","-7.3716164","-6.1026964"
"3118435215866","-10.139752","-7.452098","-6.2109723"
"3118440163483","-9.761474","-7.546782","-6.2677827"
"3118445111100","-9.084024","-7.643451","-6.2619796"
"3118450058716","-8.136114","-7.7334013","-6.199366"
"3118455006333","-7.049385","-7.8296127","-6.065281"
"3118459953950","-5.870873","-7.947815","-5.8329997"
"3118464901566","-4.6567783","-8.1863575","-5.458539"
"3118469849183","-3.5601227","-8.514393","-4.937471"
"3118474789175","-2.626415","-8.875109","-4.3360744"
"3118479729166","-1.8387043","-9.229869","-3.76125"
"3118484669158","-1.141249","-9.541868","-3.271489"
"3118489609150","-0.45799622","-9.777662","-2.8539624"
"3118494549141","0.18234327","-9.927629","-2.446057"
"3118499489133","0.79779","-10.011776","-1.9845484"
"3118504429125","1.3266466","-10.058966","-1.4535538"
"3118509369116","1.6781995","-10.095617","-0.8854492"
"3118514316858","1.8741345","-10.132116","-0.32925636"
"3118519264600","1.8348864","-10.139752","0.16676621"
"3118524212341","1.5254833","-10.116386","0.5882632"
"3118529160083","0.99036527","-10.081262","0.9633345"
"3118534107824","0.33475417","-10.032698","1.3161092"
"3118539055566","-0.3921755","-9.977873","1.676825"
"3118544003308","-1.1829406","-9.9360285","2.0616703"
"3118548951049","-1.9291124","-9.898613","2.477822"
"3118553894916","-2.50638","-9.872346","2.9057333"
"3118558838783","-2.8750372","-9.860281","3.3001995"
"3118563782649","-3.063031","-9.899072","3.6109772"
"3118568726516","-3.0208814","-9.959089","3.849062"
"3118573670383","-2.8087585","-10.049191","4.0544653"
"3118578614249","-2.5124888","-10.17839","4.2841506"
"3118583558116","-2.1664336","-10.280557","4.5917215"
"3118588501983","-1.8170186","-10.253678","4.9831333"
"3118593445724","-1.512655","-10.064921","5.376683"
"3118598389466","-1.415222","-9.769874","5.6434784"
"3118603333208","-1.4986051","-9.426872","5.9063034"
"3118608276949","-1.6901114","-8.829599","6.246708"
"3118613220691","-2.0696115","-8.153066","6.4704375"
"3118618164433","-2.0891593","-7.794335","6.4962463"
"3118623108174","-1.6659822","-7.8537416","6.5014386"
"3118628051916","-0.946383","-8.206364","6.6107836"
"3118632995782","-0.33857206","-8.301964","6.746243"
"3118637939649","0.2049453","-8.002182","6.7465487"
"3118642883516","0.9978484","-7.5234165","6.6188774"
"3118647827382","2.0948095","-7.0774846","6.528775"
"3118652771249","3.205668","-6.7286806","6.5732155"
"3118657715116","4.1502185","-6.3836946","6.6767573"
"3118662658982","4.8684435","-5.9255457","6.6999702"
"3118667602849","5.2616878","-5.3016996","6.5455737"
"3118672542841","5.191591","-4.62089","6.162256"
"3118677482832","4.77437","-4.0453024","5.5448236"
"3118682422824","4.2293253","-3.6036468","4.7539062"
"3118687362816","3.5958583","-3.218191","3.8140898"
"3118692302807","2.8765645","-2.8153253","2.7322476"
"3118697242799","2.1673498","-2.3306036","1.6415477"
"3118702182791","1.5470163","-1.7568485","0.73532903"
"3118707122782","1.0248792","-1.1578951","0.039553523"
"3118712081899","0.5870415","-0.6044512","-0.51144695"
"3118717041016","0.21319197","-0.075594574","-0.91645056"
"3118722000132","-0.13041973","0.44623706","-1.2180653"
"3118726959249","-0.37995818","0.95432425","-1.4474452"
"3118731918365","-0.54351735","1.4743233","-1.6268868"
"3118736877482","-0.65286225","2.0034852","-1.8289305"
"3118741836599","-0.7454083","2.5271494","-2.0737348"
"3118746795715","-0.93951076","3.0337095","-2.3243423"
"3118751735707","-1.238682","3.5085046","-2.5767822"
"3118756675699","-1.6019942","3.9524508","-2.8389962"
"3118761615690","-1.9836322","4.351193","-3.0914364"
"3118766555682","-2.3003657","4.697706","-3.3119586"
"3118771495674","-2.511267","4.9906163","-3.5043812"
"3118776435665","-2.5944974","5.243973","-3.6913059"
"3118781375657","-2.5450172","5.4702983","-3.8742602"
"3118786315649","-2.383749","5.66211","-4.0552287"
"3118791263390","-2.1415408","5.8355956","-4.2305474"
"3118796211132","-1.8451185","6.011372","-4.4015894"
"3118801158874","-1.5280794","6.2033367","-4.563469"
"3118806106615","-1.2194397","6.4085875","-4.734053"
"3118811054357","-0.93492925","6.6000934","-4.927239"
"3118816002099","-0.6881397","6.7523518","-5.121647"
"3118820949840","-0.4813618","6.864751","-5.279556"
"3118825897582","-0.33750305","6.9311824","-5.409059"
"3118830841448","-0.27000242","6.9435525","-5.537799"
"3118835785315","-0.2680171","6.9046097","-5.6685243"
"3118840729182","-0.30604348","6.829321","-5.777258"
"3118845673048","-0.35842517","6.7399817","-5.8394136"
"3118850616915","-0.4072944","6.644381","-5.8455224"
"3118855560782","-0.41034874","6.538549","-5.784894"
"3118860504648","-0.33964106","6.411794","-5.657681"
"3118865448515","-0.21594086","6.273739","-5.4649534"
"3118870392257","-0.060628377","6.161034","-5.214651"
"3118875335998","0.0888809","6.0881886","-4.934722"
"3118880279740","0.226631","6.0617685","-4.661818"
"3118885223482","0.3475823","6.06803","-4.414876"
"3118890167223","0.4109596","6.1474423","-4.210236"
"3118895110965","0.40026945","6.3244405","-4.044539"
"3118900054707","0.27763826","6.592763","-3.9208386"
"3118904998448","0.10751228","6.9763865","-3.816228"
"3118909942315","-0.04260785","7.47806","-3.6885571"
"3118914886182","-0.18967366","8.086176","-3.4999523"
"3118919830048","-0.3387248","8.734457","-3.253621"
"3118924773915","-0.42928556","9.294926","-2.9804115"
"3118929717782","-0.38545597","9.714132","-2.6949847"
"3118934661648","-0.2180789","10.004599","-2.4019222"
"3118939605515","-0.018784106","10.168768","-2.0981693"
"3118944549381","0.13133603","10.188163","-1.800678"
"3118949477998","0.2770274","10.094548","-1.5131133"
"3118954406615","0.47571132","9.94229","-1.2064588"
"3118959335232","0.70402217","9.720698","-0.86345804"
"3118964263848","0.8680395","9.42","-0.4804455"
"3118969192465","0.93019503","9.016066","-0.04795292"
"3118974121082","1.0012082","8.472396","0.46777007"
"3118979049698","1.2585351","7.77662","1.1464413"
"3118983978315","1.6554449","6.961115","2.0245602"
"3118988937432","2.229811","6.146984","2.9932396"
"3118993896548","3.1726813","5.4475436","3.8182132"
"3118998855665","4.279875","4.8763847","4.325995"
"3119003814781","5.1541753","4.530329","4.616003"
"3119008773898","5.7473254","4.37013","4.9260173"
"3119013733015","6.2141795","4.2438335","5.495802"
"3119018692131","6.4009514","4.013079","6.392094"
"3119023651248","6.085134","3.6012034","7.577478"
"3119028594990","5.646075","3.1584787","8.892518"
"3119033538731","5.094616","2.9103148","10.009943"
"3119038482473","4.2067237","2.9765937","10.750771"
"3119043426215","3.08884","3.2059736","11.173031"
"3119048369956","1.9657644","3.420998","11.382405"
"3119053313698","0.93966347","3.5225544","11.421653"
"3119058257440","-0.017562376","3.4898732","11.293524"
"3119063201181","-0.8889617","3.2872186","11.052385"
"3119068145048","-1.5891659","2.8774807","10.770013"
"3119073088914","-2.029447","2.1493294","10.465649"
"3119078032781","-2.28036","1.1791227","10.152275"
"3119082976648","-2.2687535","0.3295618","9.899377"
"3119087920514","-2.0775528","-0.35155296","9.748188"
"3119092864381","-1.8504635","-0.9274462","9.814924"
"3119097808248","-1.3999504","-1.3391694","10.108293"
"3119102752114","-0.6203337","-1.5709927","10.409143"
"3119107695981","0.36025777","-1.6548339","10.54552"
"3119112639848","1.3616186","-1.6461291","10.418001"
"3119117583714","2.501035","-1.4891367","9.994977"
"3119122527581","3.8767035","-1.3292428","9.32837"
"3119127471448","5.095074","-0.9947941","8.511338"
"3119132415314","5.3814173","-0.33322698","7.515933"
"3119137359181","4.953201","0.5497787","6.339712"
"3119142303048","4.296368","1.3643675","5.0943108"
"3119147235414","3.6499197","1.6442965","3.9290853"
"3119152167781","3.0579915","1.3217597","2.914438"
"3119157100148","2.5922067","0.7002043","2.0045543"
"3119162032514","2.2840252","0.17394388","1.0861185"
"3119166964881","1.9929478","-0.07269296","0.093462385"
"3119171897248","1.6195564","-0.13622294","-0.9640981"
"3119176829614","1.215011","-0.19898935","-1.9822577"
"3119181761981","0.8680395","-0.33490688","-2.8948903"
"3119186717348","0.70509124","-0.56123245","-3.7626245"
"3119191672714","0.7309003","-0.72219545","-4.6653304"
"3119196628081","0.8005389","-0.7809912","-5.6204185"
"3119201583448","0.8556695","-0.8578075","-6.555653"
"3119206538814","0.91797775","-0.95264435","-7.3919277"
"3119211494181","1.0676397","-1.0216721","-8.065254"
"3119216449547","1.3422236","-1.0057896","-8.565094"
"3119221404914","1.6841555","-0.8491027","-8.929934"
"3119226348656","1.933083","-0.5216789","-9.215513"
"3119231292397","2.0016527","-0.0795652","-9.4797125"
"3119236236139","1.9352211","0.3746131","-9.762238"
"3119241179881","1.7779233","0.7771733","-10.072099"
"3119246123622","1.5404494","1.0706941","-10.372644"
"3119251067364","1.3745996","1.2498302","-10.609508"
"3119256011106","1.2848023","1.397507","-10.73336"
"3119260954847","1.2093605","1.4923438","-10.716256"
"3119265887339","1.1731668","1.4682146","-10.619129"
"3119270819831","1.21608","1.3544409","-10.52475"
"3119275752322","1.4025466","1.2512047","-10.444268"
"3119280684814","1.7634152","1.2417363","-10.319958"
"3119285617306","2.244777","1.3548992","-10.029185"
"3119290549797","2.8600712","1.6181821","-9.339824"
"3119295482289","3.7594175","2.0210476","-7.9636974"
"3119300414781","5.130963","2.158187","-5.924782"
"3119305370022","6.603148","1.2812898","-4.507727"
"3119310325264","8.262564","-0.3387248","-5.289177"
"3119315280506","9.729251","-0.3839288","-7.5217366"
"3119320235747","9.38854","-0.19272798","-9.796141"
"3119325190989","7.2995343","0.102319926","-10.544756"
"3119330146230","4.439463","0.86177814","-8.715215"
"3119335101472","1.1285735","1.2147056","-4.4962735"
"3119340056714","-1.6470454","0.66737026","0.6765333"
"3119344989080","-2.9228375","0.73807794","4.92617"
"3119349921447","-2.9206994","1.6223054","7.360926"
"3119354853814","-2.2110267","2.5932758","8.799209"
"3119359786180","-1.4401149","3.1444287","9.93389"
"3119364718547","-0.81489426","3.2322407","10.77154"
"3119369650914","-0.17760907","3.1575625","11.2144165"
"3119374583280","0.42836925","3.1861205","11.284208"
"3119379515647","0.928057","3.2662964","11.138516"
"3119384470889","1.3356569","3.2336152","11.049636"
"3119389426130","1.8041905","3.089451","11.132866"
"3119394381372","2.3133466","3.0242412","11.313988"
"3119399336614","2.7704265","3.1827607","11.44456"
"3119404291855","3.0202706","3.6219728","11.387902"
"3119409247097","2.8782444","4.369519","10.958922"
"3119414202339","2.2308798","5.273752","10.088898"
"3119419157580","1.0149527","6.0032783","8.836472"
"3119424101447","-0.64476824","6.223495","7.1573553"
"3119429045314","-2.392912","5.5982747","5.4635787"
"3119433989180","-3.8692205","3.9041924","4.2270346"
"3119438933047","-4.806746","1.751656","3.7320812"
"3119443876913","-4.820796","-0.024129177","3.694513"
"3119448820780","-3.2947018","-1.5308284","3.8907535"
"3119453764647","-0.9414961","-1.9141463","3.9993348"
"3119458708513","0.40515637","-1.3959798","3.550807"
"3119463640880","1.0002918","-0.2666427","2.378251"
"3119468573247","1.0969613","1.2988522","0.82711154"
"3119473505613","0.9747882","2.355191","-0.59696805"
"3119478437980","0.7666359","2.521499","-1.9141463"
"3119483370347","0.4905248","1.8135062","-3.207806"
"3119488302713","0.16493362","0.6592763","-4.4186935"
"3119493235080","-0.18371773","-0.5371033","-5.4982452"
"3119498167447","-0.48915035","-1.6183348","-6.370103"
"3119503122813","-0.660498","-2.3200662","-6.9844804"
"3119508078180","-0.6458373","-2.616183","-7.3778777"
"3119513033547","-0.42546764","-2.6438248","-7.6217656"
"3119517988913","-0.05681047","-2.496301","-7.7918916"
"3119522944280","0.40026945","-2.2773056","-7.9410954"
"3119527899647","0.88056225","-2.029447","-8.119315"
"3119532855013","1.3316863","-1.8040378","-8.324718"
"3119537810380","1.7093537","-1.5603025","-8.536995"
"3119542742747","1.9579759","-1.2967142","-8.74698"
"3119547675113","2.0399845","-1.0558805","-9.013317"
"3119552607480","1.9979875","-0.8145888","-8.965516"
"3119557539847","2.1696405","-0.69058317","-8.346558"
"3119562472213","2.5350907","-0.71883565","-7.354054"
"3119567404580","2.862209","-0.8897252","-6.3788075"
"3119572336947","2.9118419","-1.002888","-5.6466856"
"3119577269313","2.8334985","-1.1073459","-5.138446"
"3119582228430","2.8612928","-1.5552629","-4.8482847"
"3119587187547","3.6080756","-2.719572","-5.308266"
"3119592146663","4.293161","-3.1760411","-6.2885523"
"3119597105780","3.9463422","-3.2652276","-7.270365"
"3119602064896","2.4546092","-3.2039883","-7.8523674"
"3119607024013","0.29733866","-2.8609874","-7.4898186"
"3119611983130","-2.0657935","-2.3257167","-5.6633315"
"3119616942246","-3.8857138","-1.6064229","-2.4561365"
"3119621886113","-4.4032693","-1.0042624","1.4995215"
"3119626829980","-3.8336375","-0.29901853","5.1871624"
"3119631773846","-2.4860687","0.6078109","7.5585413"
"3119636717713","-0.76052725","1.4712689","8.365189"
"3119641661580","0.8886562","2.078927","8.312196"
"3119646605446","2.1653645","2.3200662","8.250041"
"3119651549313","2.9707904","2.3846653","8.448419"
"3119656493180","3.3061554","2.521041","8.712313"
"3119661421671","3.2888985","2.8163943","8.910996"
"3119666350163","3.0921998","3.2249103","8.96796"
"3119671278655","2.835331","3.6705365","8.89206"
"3119676207146","2.5227208","4.092644","8.719949"
"3119681135638","2.1022928","4.453055","8.509964"
"3119686064130","1.5198327","4.7668867","8.295398"
"3119690992621","0.83367836","5.0692654","8.123591"
"3119695921113","0.16218472","5.3808064","8.057313"
"3119700880230","-0.55665094","5.6527944","8.042193"
"3119705839346","-1.3202325","5.8884354","7.97958"
"3119710798463","-1.9254472","6.0283237","7.7031636"
"3119715757579","-2.2455406","5.9191313","7.006319"
"3119720716696","-2.5631905","5.462357","5.916077"
"3119725675813","-2.8367054","4.5727844","4.614018"
"3119730634929","-2.8615983","3.4999523","3.3142493"
"3119735594046","-2.3587034","2.4110851","2.4231498"
"3119740522663","-0.9767735","1.4619533","2.2795963"
"3119745451279","1.0725267","1.6627752","2.8053987"
"3119750379896","2.573728","2.7800477","3.5141551"
"3119755308513","3.6294558","4.1358633","3.8440223"
"3119760237129","4.200004","5.037042","3.3411274"
"3119765165746","4.2504005","5.017189","2.143068"
"3119770094363","3.9522982","4.302171","0.6392705"
"3119775022979","3.4784193","3.2191072","-0.8016079"
"3119779982096","2.95277","2.0992384","-1.95034"
"3119784941213","2.4457517","1.1928672","-2.7262917"
"3119789900329","2.044566","0.56199604","-3.1497738"
"3119794859446","1.8512272","0.12797627","-3.3043227"
"3119799818563","1.9057468","-0.24984388","-3.2947018"
"3119804777679","2.1627684","-0.6585127","-3.2075007"
"3119809736796","2.580142","-1.1201742","-3.114802"
"3119814695912","3.0456214","-1.577254","-3.0457742"
"3119819639779","3.4897203","-1.9845484","-2.9969049"
"3119824583646","3.9495492","-2.378862","-2.9875891"
"3119829527512","4.3603563","-2.6931522","-3.0427198"
"3119834471379","4.612338","-2.880077","-3.1925344"
"3119839415246","4.7196975","-2.8840475","-3.2774448"
"3119844359112","4.6465464","-2.6219864","-3.16642"
"3119849302979","4.445877","-2.3457224","-2.8718302"
"3119854246846","4.1581597","-2.081676","-2.5077546"
"3119859190587","3.7216966","-1.8955148","-2.1916318"
"3119864134329","3.0752482","-1.8828394","-2.0050125"
"3119869078071","2.2794437","-2.020895","-1.9682078"
"3119874021812","1.4720325","-2.240501","-2.0379992"
"3119878965554","0.7619017","-2.5092816","-2.1844542"
"3119883909296","0.20295998","-2.7464502","-2.3356433"
"3119888853037","-0.1684461","-2.894127","-2.4698808"
"3119893796779","-0.32696563","-2.9362764","-2.5793786"
"3119898725396","-0.2845105","-2.882673","-2.6783388"
"3119903654012","-0.117438845","-2.758362","-2.7849348"
"3119908582629","0.08246681","-2.5937338","-2.9011517"
"3119913511246","0.2751948","-2.4204009","-3.0126348"
"3119918439862","0.4558582","-2.2624922","-3.0908253"
"3119923368479","0.61712664","-2.1184807","-3.1247284"
"3119928297096","0.74220127","-1.9787452","-3.1155655"
"3119933225712","0.8046622","-1.8344283","-3.066849"
"3119938169579","0.7826711","-1.6959146","-2.9987376"
"3119943113446","0.70478576","-1.6210836","-2.9338331"
"3119948057312","0.6033822","-1.625207","-2.8961122"
"3119953001179","0.49327368","-1.6739235","-2.8878655"
"3119957945046","0.364992","-1.738828","-2.892447"
"3119962888912","0.24770586","-1.7841847","-2.893974"
"3119967832779","0.1788308","-1.8046486","-2.8782444"
"3119972776646","0.18860464","-1.8003726","-2.8418977"
"3119977720512","0.2611449","-1.7776178","-2.7931814"
"3119982664379","0.36285394","-1.7278323","-2.7404943"
"3119987608245","0.462425","-1.651016","-2.6847527"
"3119992552112","0.5366451","-1.5421293","-2.6256516"
"3119997495979","0.57619864","-1.4036156","-2.5497515"
"3120002439845","0.5832236","-1.2536482","-2.457969"
"3120007383712","0.5636759","-1.1120802","-2.3571763"
"3120012327579","0.5233588","-1.0036516","-2.261576"
"3120017271320","0.48151454","-0.94714653","-2.1856759"
"3120022215062","0.44791695","-0.93401295","-2.1308508"
"3120027158804","0.42256603","-0.9468411","-2.096184"
"3120032102545","0.40317106","-0.9599747","-2.0774"
"3120037046287","0.3839288","-0.9636399","-2.0770946"
"3120041990029","0.3633121","-0.9624182","-2.0818288"
"3120046933770","0.34895676","-0.9550878","-2.0830505"
"3120051877512","0.34422258","-0.93660915","-2.0772474"
"3120056821379","0.36254853","-0.903317","-2.0696115"
"3120061765245","0.39660427","-0.8555168","-2.0673208"
"3120066709112","0.4269948","-0.8028296","-2.0711386"
"3120071652979","0.44058657","-0.7637343","-2.080607"
"3120076596845","0.43951756","-0.745561","-2.0931299"
"3120081540712","0.42852196","-0.75579304","-2.1148155"
"3120086484579","0.41981715","-0.79549927","-2.1442897"
"3120091428445","0.40485093","-0.8561276","-2.1781929"
"3120096391437","0.3743077","-0.92164296","-2.2105687"
"3120101354428","0.32330042","-0.9819659","-2.2246184"
"3120106317420","0.26740626","-1.0320568","-2.2169826"
"3120111280412","0.21548271","-1.0682507","-2.1876612"
"3120116243403","0.17669277","-1.0906999","-2.1380284"
"3120121206395","0.1525636","-1.098183","-2.0767891"
"3120126169387","0.12980886","-1.0946705","-2.0134118"
"3120131132378","0.10338894","-1.0862712","-1.953547"
"3120136072370","0.06734789","-1.0743593","-1.8999436"
"3120141012361","0.019242255","-1.0636691","-1.8533652"
"3120145952353","-0.044745877","-1.0592403","-1.8125899"
"3120150892345","-0.11591168","-1.0598512","-1.7814357"
"3120155832336","-0.19181168","-1.0642799","-1.7562376"
"3120160772328","-0.26190847","-1.0722213","-1.7308867"
"3120165712320","-0.31138855","-1.0815369","-1.7009543"
"3120170652311","-0.34513888","-1.0844386","-1.6592628"
"3120175596178","-0.36911532","-1.0761919","-1.6055065"
"3120180540045","-0.39187005","-1.0567969","-1.5436565"
"3120185483911","-0.419359","-1.0348058","-1.4779885"
"3120190427778","-0.4457789","-1.0201449","-1.4110987"
"3120195371645","-0.46486846","-1.0128145","-1.3416128"
"3120200315511","-0.4720461","-1.0128145","-1.2710578"
"3120205259378","-0.47326785","-1.0202976","-1.2050844"
"3120210203245","-0.48166725","-1.0329732","-1.1548407"
"3120215146986","-0.5047274","-1.0483974","-1.1189524"
"3120220090728","-0.54092115","-1.0626001","-1.0939069"
"3120225034470","-0.58078015","-1.0694723","-1.070236"
"3120229978211","-0.6133087","-1.0629056","-1.0407617"
"3120234921953","-0.6348417","-1.0425943","-1.0057896"
"3120239865695","-0.63453627","-1.0064005","-0.9650144"
"3120244809436","-0.59803706","-0.9615019","-0.91645056"
"3120249753178","-0.52656585","-0.9103419","-0.86101454"
"3120254697045","-0.4259258","-0.85918194","-0.8034405"
"3120259640911","-0.31581733","-0.8019133","-0.74128497"
"3120264584778","-0.20922135","-0.75579304","-0.68493265"
"3120269528645","-0.11010846","-0.7281514","-0.63545257"
"3120274472511","-0.015882496","-0.72143185","-0.59391373"
"3120279416378","0.06246097","-0.73563445","-0.55924714"
"3120284360244","0.11789699","-0.7646506","-0.5213735"
"3120289304111","0.14065172","-0.78969604","-0.4822781"
"3120294247978","0.12614368","-0.8038987","-0.44638976"
"3120299191844","0.08032878","-0.8031351","-0.4082107"
"3120304135711","0.017715093","-0.78893244","-0.3726278"
"3120309079578","-0.04718934","-0.7651087","-0.3407101"
"3120314023444","-0.107359566","-0.7386888","-0.31016684"
"3120318967311","-0.1518","-0.714865","-0.28344148"
"3120323911178","-0.1853976","-0.691194","-0.2593123"
"3120328855044","-0.20463985","-0.6711882","-0.24113905"
"3120333798911","-0.20815234","-0.65270954","-0.23304509"
"3120338742778","-0.19593503","-0.63423085","-0.23105977"
"3120343686644","-0.17287487","-0.61468315","-0.23289238"
"3120348630511","-0.13408493","-0.59635717","-0.23136522"
"3120353574378","-0.07971791","-0.567952","-0.22266038"
"3120358518244","-0.015577064","-0.5346598","-0.20708331"
"3120363462111","0.051159963","-0.49281552","-0.18906279"
"3120368405978","0.11530081","-0.453262","-0.16982053"
"3120373349844","0.16982053","-0.42012256","-0.1553125"
"3120378293711","0.2134974","-0.39293906","-0.14172074"
"3120383237578","0.24495697","-0.37308595","-0.12904528"
"3120388181444","0.2667954","-0.35934147","-0.11499538"
"3120393125311","0.27885997","-0.34697145","-0.1020145"
"3120398069178","0.2826779","-0.33093625","-0.093767814"
"3120403013044","0.28038713","-0.31245756","-0.0917825"
"3120407956911","0.27565295","-0.29428434","-0.10308351"
"3120412900652","0.27320948","-0.27855456","-0.122783914"
"3120417844394","0.2744312","-0.27152961","-0.14370605"
"3120422788136","0.27687466","-0.26710084","-0.16814066"
"3120427731877","0.28053987","-0.26633725","-0.19624045"
"3120432675619","0.28771752","-0.26557365","-0.22907446"
"3120437619361","0.29978213","-0.267559","-0.2657264"
"3120442563102","0.31413746","-0.2667954","-0.29871312"
"3120447506844","0.32986724","-0.26236662","-0.3220787"
"3120452450711","0.35048392","-0.24770586","-0.33001995"
"3120457394577","0.37705657","-0.22449298","-0.32589662"
"3120462338444","0.40500367","-0.1910481","-0.31108314"
"3120467282311","0.4343252","-0.15149458","-0.28893927"
"3120472226177","0.46120325","-0.10323623","-0.26099217"
"3120477170044","0.47357327","-0.05009095","-0.23671028"
"3120482113911","0.46792278","0.00290161","-0.21945333"
"3120487057777","0.4428773","0.05207626","-0.21288654"
"3120492005394","0.39950588","0.086437434","-0.22174409"
"3120496953011","0.34773505","0.10216721","-0.23854288"
"3120501900627","0.2958115","0.10186178","-0.2574797"
"3120506848244","0.24388795","0.08323039","-0.2759584"
"3120511795861","0.2098322","0.049785517","-0.30543262"
"3120516743477","0.18784106","0.02321288","-0.35445455"
"3120521691094","0.13362677","0.043982297","-0.3640757"
"3120526638710","0.051923547","0.0842994","-0.30925053"
"3120531582577","-0.018936822","0.1226312","-0.21685717"
"3120536526444","-0.05375614","0.13500121","-0.14004086"
"3120541470310","-0.057421334","0.12568553","-0.11178834"
"3120546414177","-0.051465396","0.104610674","-0.123547494"
"3120551358044","-0.04917465","0.08582657","-0.15363261"
"3120556301910","-0.041996986","0.07788532","-0.18402316"
"3120561245777","-0.025198191","0.0786489","-0.20738874"
"3120566189644","0.0038179078","0.08093964","-0.21624629"
"3120571133510","0.04718934","0.07971791","-0.21426098"
"3120576077377","0.10140363","0.06856962","-0.21090123"
"3120581021244","0.15439619","0.051159963","-0.22082779"
"3120585965110","0.20738874","0.032375857","-0.2454151"
"3120590908977","0.25427267","0.01695151","-0.2771801"
"3120595852844","0.2941316","0.017715093","-0.30925053"
"3120600796710","0.31948254","0.032070424","-0.3268129"
"3120605740577","0.33414328","0.055436023","-0.32513303"
"3120610669194","0.34513888","0.07895433","-0.30741793"
"3120615597810","0.34880406","0.093004234","-0.27366763"
"3120620526427","0.3465133","0.093767814","-0.22983804"
"3120625455044","0.3381139","0.0870483","-0.18692477"
"3120630383660","0.32238412","0.07544186","-0.1525636"
"3120635312277","0.29947668","0.06352998","-0.13133603"
"3120640240894","0.26557365","0.052839845","-0.1160644"
"3120645169510","0.22693644","0.040775254","-0.106901415"
"3120650128627","0.18219055","0.026267206","-0.096516706"
"3120655087744","0.13622294","0.009162978","-0.09193522"
"3120660046860","0.08781188","-0.01038471","-0.09590584"
"3120665005977","0.038179077","-0.03268129","-0.10827587"
"3120669965093","-0.007788532","-0.052534413","-0.12568553"
"3120674924210","-0.04642576","-0.06994407","-0.14446963"
"3120679883327","-0.07315111","-0.08109236","-0.1572978"
"3120684842443","-0.08032878","-0.084910266","-0.16203201"
"3120689786185","-0.06704246","-0.08353582","-0.1572978"
"3120694729927","-0.036957346","-0.08460484","-0.14660765"
"3120699673668","0.007788532","-0.0870483","-0.13607024"
"3120704617410","0.064446285","-0.09056077","-0.12568553"
"3120709561152","0.12232576","-0.09056077","-0.117744274"
"3120714504893","0.1742493","-0.089186326","-0.107359566"
"3120719448635","0.21655174","-0.0804815","-0.09101892"
"3120724392377","0.2443461","-0.06658431","-0.06963864"
"3120729336243","0.25411993","-0.054061573","-0.050549097"
"3120734280110","0.24220806","-0.05024367","-0.038331795"
"3120739223977","0.20952678","-0.049938235","-0.030695979"
"3120744167843","0.15760323","-0.056046885","-0.029932396"
"3120749111710","0.09728029","-0.069485925","-0.03145956"
"3120754055576","0.0355829","-0.0804815","-0.036651913"
"3120758999443","-0.029626964","-0.09162979","-0.04917465"
"3120763943310","-0.13072516","-0.059864793","-0.068264194"
"3120768871926","-0.46318856","0.03481932","-0.07651087"
"3120773800543","-0.7339546","-0.24113905","-0.03023783"
"3120778729160","-0.75396043","-0.16493362","-0.020616703"
"3120783657777","-0.57879484","-0.12568553","-0.08170322"
"3120788586393","-0.41141775","-0.17150041","-0.16401732"
"3120793515010","-0.27687466","-0.0580322","-0.19211712"
"3120798443627","-0.1207986","0.026725354","-0.17119499"
"3120803372243","0.07376198","0.050701816","-0.111635625"
"3120808331360","0.26206118","0.04428773","-0.03436117"
"3120813290476","0.4017966","0.009468411","0.023365596"
"3120818249593","0.49464813","-0.020922136","0.04734206"
"3120823208710","0.54993147","-0.04444045","0.039858956"
"3120828167826","0.5581781","-0.06811147","0.019547688"
"3120833126943","0.5123632","-0.062308256","-0.001985312"
"3120838086060","0.47525316","-0.014966198","-0.037873644"
"3120843045176","0.44990227","0.0021380284","-0.05009095"
"3120847973668","0.44532076","0.020616703","-0.038179077"
"3120852902160","0.45005497","0.01863139","-0.012675454"
"3120857830651","0.44394633","-0.0030543262","0.007330383"
"3120862759143","0.41493022","-0.025045475","0.010537425"
"3120867687635","0.3736968","-0.043676864","-0.004581489"
"3120872616126","0.3277292","-0.056352317","-0.029321533"
"3120877544618","0.2843578","-0.05665775","-0.05681047"
"3120882473110","0.23732115","-0.0421497","-0.07376198"
"3120887432226","0.18325958","-0.009010263","-0.07376198"
"3120892391343","0.11346822","0.03313944","-0.053297993"
"3120897350460","0.03894266","0.061850104","-0.032375857"
"3120902309576","-0.035888333","0.069485925","-0.018325957"
"3120907268693","-0.104610674","0.06734789","-0.012675454"
"3120912227809","-0.16371189","0.06612616","-0.012064588"
"3120917186926","-0.21930063","0.065209866","-0.00290161"
"3120922146043","-0.22556199","0.015271631","0.018784106"
"3120927089909","-0.1788308","-0.03726278","0.04016439"
"3120932033776","-0.08857546","-0.09056077","0.015882496"
"3120936977643","-0.01160644","-0.110872045","-0.024587326"
"3120941921509","0.043982297","-0.10308351","-0.060628377"
"3120946865376","0.08155051","-0.06154467","-0.07651087"
"3120951809243","0.10720685","-0.0061086523","-0.058490347"
"3120956753109","0.1244638","0.044898596","-0.009773844"
"3120961696976","0.13439035","0.07422013","0.056505036"
"3120966640843","0.13332134","0.07513642","0.10751228"
"3120971584709","0.116217114","0.04734206","0.13271047"
"3120976528576","0.07742717","0.005497787","0.12782355"
"3120981472443","0.026419923","-0.04016439","0.1001819"
"3120986416309","-0.027030786","-0.08368854","0.06505715"
"3120991360176","-0.07544186","-0.110872045","0.046578474"
"3120996304043","-0.11652254","-0.12797627","0.05100725"
"3121001247909","-0.14309518","-0.14110987","0.06505715"
"3121006191776","-0.1600467","-0.150731","0.08124508"
"3121011135642","-0.16615535","-0.1553125","0.09483683"
"3121016079509","-0.16126843","-0.15271631","0.1020145"
"3121021023376","-0.14553864","-0.13683382","0.09911288"
"3121025967242","-0.12721269","-0.11133019","0.093462385"
"3121030911109","-0.10903945","-0.08323039","0.08536842"
"3121035854976","-0.09560041","-0.06001751","0.08353582"
"3121040798842","-0.0870483","-0.04627304","0.09407325"
"3121045742584","-0.07376198","-0.05207626","0.1160644"
"3121050686326","-0.04138612","-0.08506299","0.12614368"
"3121055630067","-0.005497787","-0.1207986","0.11789699"
"3121060573809","0.024587326","-0.15439619","0.098807454"
"3121065517551","0.041233405","-0.17287487","0.08933904"
"3121070461292","0.053297993","-0.1777618","0.09773844"
"3121075405034","0.06536258","-0.17867808","0.11224649"
"3121080348776","0.07391469","-0.17486018","0.1255328"
"3121085292642","0.076358154","-0.16982053","0.12904528"
"3121090236509","0.066737026","-0.15515977","0.12889257"
"3121095180376","0.05009095","-0.1330159","0.13225232"
"3121100124242","0.022449298","-0.099571034","0.14156802"
"3121105068109","-0.007483099","-0.06383542","0.15577064"
"3121110011976","-0.037415497","-0.031612277","0.16997325"
"3121114955842","-0.06383542","-0.006872234","0.18066339"
"3121119899709","-0.08674286","0.004276057","0.18188512"
"3121124832076","-0.101098195","0.0016798794","0.17363845"
"3121129764442","-0.1133155","-0.0047342055","0.15439619"
"3121134696809","-0.12980886","0.08460484","0.067500606"
"3121139629176","-0.094989546","0.07269296","-0.05681047"
"3121144561542","0.0053450707","-0.08170322","-0.115453534"
"3121149493909","0.10064005","-0.0926988","-0.09682214"
"3121154426276","0.13897185","-0.1516473","-0.027794369"
"3121159358642","0.111177474","-0.17852537","0.054519724"
"3121164314009","0.056199603","-0.11133019","0.10125092"
"3121169269375","0.023823744","-0.06994407","0.08735373"
"3121174224742","0.04917465","-0.038789943","0.04016439"
"3121179180109","0.12293663","-0.008857546","-0.0013744468"
"3121184135475","0.21227567","-0.0143553335","-0.027794369"
"3121189090842","0.28924468","-0.038331795","-0.054825157"
"3121194046209","0.3565926","-0.069791354","-0.10125092"
"3121199001575","0.42623124","-0.10170906","-0.16814066"
"3121203945317","0.49480084","-0.13576481","-0.22418754"
"3121208889059","0.54183745","-0.1423316","-0.24281894"
"3121213832800","0.54305923","-0.13713925","-0.22113322"
"3121218776542","0.49602258","-0.15332718","-0.17394388"
"3121223720284","0.41508293","-0.17562376","-0.11301007"
"3121228664025","0.31963524","-0.2049453","-0.04444045"
"3121233607767","0.20250183","-0.22006421","-0.003970624"
"3121238551509","0.062308256","-0.25457808","-0.022449298"
"3121243495375","-0.08032878","-0.29932398","-0.06872234"
"3121248439242","-0.22296582","-0.3306308","-0.12751812"
"3121253383108","-0.3727805","-0.36102137","-0.19226983"
"3121258326975","-0.5190827","-0.38759398","-0.2582433"
"3121263270842","-0.6339254","-0.40668353","-0.31398472"
"3121268214708","-0.6919576","-0.4184427","-0.3556763"
"3121273158575","-0.6966918","-0.41645738","-0.38973203"
"3121278102442","-0.6592763","-0.40454552","-0.40866885"
"3121283046308","-0.59880066","-0.38744128","-0.40485093"
"3121287990175","-0.52519137","-0.37125334","-0.3827071"
"3121292934042","-0.46105054","-0.35353827","-0.34483343"
"3121297877908","-0.4175264","-0.33948836","-0.3042109"
"3121302821775","-0.3932445","-0.32788193","-0.26939157"
"3121307765642","-0.3846924","-0.3213151","-0.23915374"
"3121312709508","-0.377362","-0.32070425","-0.204029"
"3121317653375","-0.36774087","-0.31398472","-0.16890424"
"3121322585742","-0.3578143","-0.29275718","-0.14752395"
"3121327518108","-0.33841935","-0.25977045","-0.15088372"
"3121332450475","-0.30069843","-0.20631973","-0.18035796"
"3121337382842","-0.22922719","-0.15806139","-0.22831088"
"3121342315208","-0.13133603","-0.12217305","-0.27275133"
"3121347247575","-0.029932396","-0.09101892","-0.30482176"
"3121352179942","0.055741455","-0.09132435","-0.32162055"
"3121357112308","0.10262536","-0.12705997","-0.32742378"
"3121362056175","0.10705414","-0.18234327","-0.3239113"
"3121367000042","0.062155537","-0.23609942","-0.313832"
"3121371943908","-0.02977968","-0.28725937","-0.30451632"
"3121376887775","-0.13271047","-0.3408628","-0.29016098"
"3121381831642","-0.21868975","-0.4016439","-0.2648101"
"3121386775508","-0.2782491","-0.4708244","-0.22510384"
"3121391719375","-0.30390546","-0.54260105","-0.19410244"
"3121396663242","-0.25961772","-0.5928447","-0.18142697"
"3121401618483","-0.12675454","-0.58169645","-0.15989397"
"3121406573725","0.042760566","-0.49128836","-0.09285152"
"3121411528966","0.14966199","-0.39568797","0.05375614"
"3121416484208","0.13820826","-0.35506544","0.28680122"
"3121421439450","0.01786781","-0.36285394","0.5487097"
"3121426394691","-0.14874569","-0.41508293","0.7840455"
"3121431349933","-0.30818152","-0.48517972","0.9831876"
"3121436305175","-0.420428","-0.52015173","1.1615603"
"3121441237666","-0.4552473","-0.5343544","1.2632693"
"3121446170158","-0.4250095","-0.50854534","1.2684617"
"3121451102650","-0.35216382","-0.42164972","1.1905763"
"3121456035141","-0.25503623","-0.2950479","1.0615311"
"3121460967633","-0.14828753","-0.16707164","0.9494373"
"3121465900125","-0.06536258","-0.012980887","0.9283624"
"3121470832616","-0.05207626","0.16783522","1.0340421"
"3121475765108","-0.11866058","0.3013093","1.2292136"
"3121480720350","-0.22770002","0.3744604","1.4162911"
"3121485675591","-0.3352123","0.3585779","1.4834863"
"3121490630833","-0.37690386","0.24190263","1.4036156"
"3121495586075","-0.31627548","0.13179417","1.1994339"
"3121500541316","-0.20341812","0.101098195","0.9140071"
"3121505496558","-0.07574729","0.11362094","0.64461553"
"3121510451799","0.05421429","0.088728175","0.48181996"
"3121515407041","0.1777618","-0.010231993","0.44119743"
"3121520350908","0.30863968","-0.13775012","0.45707992"
"3121525294774","0.43478334","-0.23793201","0.49556443"
"3121530238641","0.4972443","-0.30192015","0.56673026"
"3121535182508","0.49327368","-0.36987892","0.61453044"
"3121540126374","0.44501534","-0.3678936","0.57971114"
"3121545070241","0.36728272","-0.23396139","0.5131268"
"3121550014108","0.300393","-0.09560041","0.48426342"
"3121554957974","0.24633141","-0.060628377","0.5206099"
"3121559890341","0.18463401","-0.105832405","0.59773165"
"3121564822708","0.10293079","-0.08368854","0.6748534"
"3121569755074","0.045356743","-0.011759156","0.7128797"
"3121574687441","0.015577064","0.03145956","0.72692966"
"3121579619808","-0.0050396384","0.038331795","0.6953174"
"3121584552174","0.014202617","0.041080687","0.5671884"
"3121589484541","0.13729197","0.0804815","0.3594942"
"3121594416908","0.30757064","0.1553125","0.1516473"
"3121599360774","0.409127","0.20631973","0.054519724"
"3121604304641","0.40317106","0.22892176","0.08582657"
"3121609248508","0.34193182","0.24846944","0.1554652"
"3121614192374","0.26847526","0.29168814","0.16142114"
"3121619136241","0.20005837","0.37384954","0.076358154"
"3121624080108","0.121256754","0.5111415","-0.008399397"
"3121629023974","0.014202617","0.5850562","9.162979E-4"
"3121633967841","-0.070554934","0.5225952","0.06887506"
"3121638911583","-0.09605856","0.4633413","0.12156218"
"3121643855324","-0.094989546","0.4353942","0.14278975"
"3121648799066","-0.096516706","0.3895793","0.18387043"
"3121653742808","-0.12812899","0.3295618","0.2657264"
"3121658686549","-0.19211712","0.2941316","0.34513888"
"3121663630291","-0.2751948","0.3126103","0.41493022"
"3121668574033","-0.3594942","0.32284227","0.50701815"
"3121673517774","-0.41386122","0.30909783","0.5626069"
"3121678461641","-0.42210788","0.32711834","0.5367978"
"3121683405507","-0.40530908","0.34697145","0.47769663"
"3121688349374","-0.36926803","0.3266602","0.44119743"
"3121693293241","-0.32238412","0.29856038","0.37675115"
"3121698237107","-0.24174993","0.300393","0.19822577"
"3121703180974","-0.12599096","0.3239113","-0.006872234"
"3121708124841","-0.022602014","0.2874121","-0.124005646"
"3121713068707","0.07192938","0.16814066","-0.20173825"
"3121718012574","0.19898935","0.06856962","-0.3555236"
"3121722956441","0.33490688","0.030085113","-0.5206099"
"3121727900307","0.41401392","-0.070554934","-0.5132795"
"3121732844174","0.4616614","-0.39385536","-0.39752057"
"3121737788041","0.4277584","-0.43844852","-0.28053987"
"3121742731907","0.35246924","-0.5349652","-0.19013181"
"3121747675774","0.3107777","-0.66737026","-0.11148291"
"3121752619641","0.2863431","-0.73838335","-0.03313944"
"3121757578757","0.1994475","-0.77778417","0.100029185"
"3121762537874","0.07544186","-0.77595156","0.2790127"
"3121767496991","-0.03756821","-0.7432703","0.45845437"
"3121772456107","-0.14431691","-0.6478226","0.59040123"
"3121777415224","-0.23243423","-0.4886922","0.7098254"
"3121782374340","-0.3100141","-0.3662137","0.8382598"
"3121787333457","-0.40103304","-0.2527455","0.93676186"
"3121792292574","-0.474795","-0.11407909","1.0089967"
"3121797221190","-0.5329799","0.03940081","1.0867293"
"3121802149807","-0.6113234","0.23823744","1.1614076"
"3121807078424","-0.72112644","0.4447099","1.2472341"
"3121812007040","-0.84788096","0.6064365","1.3681854"
"3121816935657","-0.9737192","0.72784597","1.5045611"
"3121821864274","-1.0852021","0.82818055","1.6265814"
"3121826792890","-1.1846204","0.91415983","1.6953038"
"3121831721507","-1.258077","0.95447695","1.6794213"
"3121836665249","-1.2814425","0.91797775","1.5453364"
"3121841608990","-1.2431108","0.91721416","1.2855659"
"3121846552732","-1.0865766","0.73624533","0.8846856"
"3121851496474","-0.79443026","0.45478916","0.43096542"
"3121856440215","-0.44822237","0.30298916","0.11636983"
"3121861383957","-0.17516561","0.19425514","-0.053603426"
"3121866327699","-0.02733622","0.114689946","-0.182496"
"3121871271440","0.029932396","0.036193766","-0.3287982"
"3121876215307","0.070249505","-0.053603426","-0.48441613"
"3121881159174","0.12507465","-0.13652839","-0.59406644"
"3121886103040","0.1777618","-0.20372356","-0.6553057"
"3121891046907","0.205098","-0.26832256","-0.70173144"
"3121895990774","0.20341812","-0.3184135","-0.75793105"
"3121900934640","0.18875736","-0.34101552","-0.79381937"
"3121905878507","0.2041817","-0.3715588","-0.860251"
"3121910822374","0.23579398","-0.33841935","-0.925919"
"3121915766240","0.25534168","-0.2857322","-0.9295842"
"3121920710107","0.24617869","-0.22602014","-0.88071495"
"3121925653973","0.20570888","-0.13408493","-0.8116872"
"3121930597840","0.14828753","-0.07040222","-0.75396043"
"3121935541707","0.08093964","-0.026725354","-0.71761394"
"3121940485573","0.0016798794","0.015577064","-0.68477994"
"3121945429440","-0.058490347","0.035888333","-0.65041876"
"3121950373307","-0.09208794","0.063224554","-0.62873304"
"3121955317173","-0.111177474","0.106595986","-0.6087272"
"3121960261040","-0.15653422","0.19761491","-0.59437186"
"3121965204907","-0.24144448","0.31444287","-0.5910121"
"3121970148773","-0.31978795","0.5795584","-0.8147415"
"3121975092640","-0.2724459","0.93660915","-1.3264939"
"3121980036507","-0.07467828","1.0206031","-1.7916678"
"3121984980373","0.1872302","1.105666","-2.1200078"
"3121989924240","0.46929723","1.0752755","-2.227062"
"3121994871857","0.7002043","0.91889405","-2.0862575"
"3121999819473","0.84559023","0.7414377","-1.7505871"
"3122004767090","0.95004815","0.5529858","-1.2644911"
"3122009714707","1.048703","0.37766743","-0.65209866"
"3122014662323","1.0056369","0.31749722","-0.063682705"
"3122019609940","0.86315256","0.21212296","0.37950003"
"3122024557557","0.6973027","0.085673854","0.5749769"
"3122029505173","0.53985214","-0.023060163","0.5155703"
"3122034449040","0.37843102","-0.113926366","0.27687466"
"3122039392906","0.21135938","-0.16875152","-0.013591751"
"3122044336773","0.050549097","-0.17211129","-0.22861631"
"3122049280640","-0.0917825","-0.1328632","-0.32284227"
"3122054224506","-0.21197024","-0.07345655","-0.30207285"
"3122059168373","-0.30207285","-0.016646078","-0.2098322"
"3122064112240","-0.35476","0.022143865","-0.098043874"
"3122069056106","-0.36300668","0.033292156","-0.012980887"
"3122073999973","-0.3387248","0.042760566","0.03772093"
"3122078943840","-0.30604348","0.076358154","0.07315111"
"3122083887706","-0.25625798","0.113162786","0.07437284"
"3122088831573","-0.1873829","0.13454308","0.042760566"
"3122093775440","-0.10186178","0.1301143","-6.1086525E-4"
"3122098719306","-0.011453724","0.117438845","-0.012217305"
"3122103663173","0.08017606","0.09560041","0.0067195175"
"3122108607040","0.16432275","0.052687127","0.020005837"
"3122113550781","0.23884831","-0.014813482","0.020616703"
"3122118494523","0.29993483","-0.07513642","0.017562376"
"3122123438265","0.32528573","-0.08964448","0.0346666"
"3122128382006","0.33368513","-0.09666943","0.04932737"
"3122133325748","0.32635477","-0.09911288","0.050701816"
"3122138269490","0.29275718","-0.08307768","0.0580322"
"3122143213231","0.23854288","-0.06429356","0.07040222"
"3122148156973","0.17944166","-0.056963183","0.06963864"
"3122153100839","0.113162786","-0.04932737","0.07620544"
"3122158044706","0.03726278","-0.029168816","0.104610674"
"3122162988573","-0.019242255","-0.014049901","0.1207986"
"3122167932439","-0.05665775","-0.009162978","0.11499538"
"3122172876306","-0.09392053","0.0056505036","0.11866058"
"3122177820173","-0.11438452","0.009468411","0.12492194"
"3122182764039","-0.109650314","0.009315695","0.11759156"
"3122187707906","-0.100029185","0.011759156","0.11499538"
"3122192651773","-0.09025534","0.02275473","0.11346822"
"3122197595639","-0.06490443","0.017562376","0.10354166"
"3122202539506","-0.031154128","0.014966198","0.09712757"
"3122207483373","0.00870483","0.02107485","0.0917825"
"3122212427239","0.05681047","0.013439035","0.0804815"
"3122217371106","0.10995574","0.0070249503","0.06658431"
"3122222314973","0.16172658","0.0030543262","0.05513059"
"3122227258839","0.20998493","0.006414085","0.04734206"
"3122232202706","0.24984388","0.016340645","0.04917465"
"3122237146573","0.28252518","0.02733622","0.049785517"
"3122242090439","0.3115413","0.03573562","0.04932737"
"3122247034306","0.33093625","0.04428773","0.04886922"
"3122251978173","0.32620203","0.05665775","0.053603426"
"3122256922039","0.29367346","0.066737026","0.061086524"
"3122261865906","0.24419338","0.071776666","0.06261369"
"3122266809773","0.18387043","0.066737026","0.053603426"
"3122271753639","0.11866058","0.06291912","0.034972034"
"3122276697506","0.05589417","0.060170226","0.0125227375"
"3122281641372","0.0027488936","0.06352998","-0.010079277"
"3122286585239","-0.035888333","0.07544186","-0.030695979"
"3122291529106","-0.058643065","0.09483683","-0.046578474"
"3122296472972","-0.06704246","0.11789699","-0.06169739"
"3122301416839","-0.064446285","0.14355333","-0.07315111"
"3122306360706","-0.05467244","0.16798794","-0.07742717"
"3122311304447","-0.046120327","0.19135354","-0.07437284"
"3122316248189","-0.03634648","0.20998493","-0.060170226"
"3122321191931","-0.028863383","0.22388211","-0.037415497"
"3122326135672","-0.026419923","0.22418754","-0.0143553335"
"3122331079414","-0.026572637","0.21105394","0.0030543262"
"3122336023156","-0.026725354","0.18417588","0.012064588"
"3122340966897","-0.02321288","0.14859296","0.01160644"
"3122345910639","-0.01863139","0.110413894","0.0013744468"
"3122350854506","-0.010537425","0.0720821","-0.013744468"
"3122355798372","-0.0010690142","0.040011674","-0.025350908"
"3122360742239","0.0061086523","0.020158553","-0.03359759"
"3122365686106","0.0071776668","0.014049901","-0.035888333"
"3122370629972","-0.002443461","0.017715093","-0.035888333"
"3122375573839","-0.016798794","0.026267206","-0.035888333"
"3122380517706","-0.03726278","0.036193766","-0.037110064"
"3122385461572","-0.055283304","0.04841107","-0.03481932"
"3122390405439","-0.07574729","0.058490347","-0.025045475"
"3122395349305","-0.09254608","0.06490443","-0.01160644"
"3122400293172","-0.104610674","0.061391957","-0.0016798794"
"3122405237039","-0.113162786","0.04550946","0.0036651916"
"3122410180905","-0.116980694","0.013591751","-4.5814895E-4"
"3122415124772","-0.10995574","-0.027030786","-0.00580322"
"3122420068639","-0.08979719","-0.06765333","-0.0076358155"
"3122425012505","-0.05971208","-0.100792766","-0.008552114"
"3122429960122","-0.021227567","-0.11560625","-0.008552114"
"3122434907739","0.01863139","-0.111941054","-0.009162978"
"3122439855355","0.05375614","-0.08979719","-0.0062613687"
"3122444802972","0.082924955","-0.05665775","0.0036651916"
"3122449750589","0.09758572","-0.017104227","0.017256944"
"3122454698205","0.10140363","0.020005837","0.03481932"
"3122459645822","0.08964448","0.04596761","0.047800206"
"3122464593439","0.066737026","0.0571159","0.05513059"
"3122469537305","0.0364992","0.04734206","0.053145275"
"3122474481172","0.007330383","0.020158553","0.04184427"
"3122479425039","-0.01817324","-0.010842858","0.020922136"
"3122484368905","-0.04016439","-0.041691553","0.0010690142"
"3122489312772","-0.05955936","-0.065209866","-0.014049901"
"3122494256639","-0.07284568","-0.075289145","-0.022296581"
"3122499200505","-0.0777326","-0.07651087","-0.025809057"
"3122504144372","-0.07040222","-0.06918049","-0.02367103"
"3122509088238","-0.049938235","-0.055588737","-0.021685716"
"3122514032105","-0.02076942","-0.03726278","-0.022449298"
"3122518975972","0.011911872","-0.017715093","-0.02443461"
"3122523919838","0.040927973","0.0056505036","-0.021533"
"3122528863705","0.063988134","0.026419923","-0.017256944"
"3122533807572","0.083383106","0.043676864","-0.012980887"
"3122538751438","0.09437868","0.05100725","-0.012064588"
"3122543695305","0.099265605","0.05467244","-0.014660766"
"3122548639047","0.098043874","0.05207626","-0.020616703"
"3122553582788","0.09315695","0.047036625","-0.03023783"
"3122558526530","0.08460484","0.041996986","-0.03848451"
"3122563470272","0.07971791","0.038331795","-0.043218717"
"3122568414013","0.07971791","0.037110064","-0.04444045"
"3122573357755","0.07849618","0.038331795","-0.040775254"
"3122578301497","0.07009678","0.04337143","-0.03481932"
"3122583245238","0.055741455","0.05085453","-0.027488936"
"3122588189105","0.03772093","0.0571159","-0.020158553"
"3122593132972","0.021991149","0.06093381","-0.012675454"
"3122598076838","0.00870483","0.061086524","-0.010079277"
"3122603020705","-0.0033597588","0.058643065","-0.00992656"
"3122607964572","-0.014202617","0.049938235","-0.012064588"
"3122612908438","-0.019089539","0.03772093","-0.014202617"
"3122617852305","-0.019242255","0.025350908","-0.015118915"
"3122622796171","-0.01450805","0.015577064","-0.014966198"
"3122627740038","-0.0036651916","0.0070249503","-0.014966198"
"3122632683905","0.0096211275","-4.5814895E-4","-0.01863139"
"3122637627771","0.030085113","-0.009162978","-0.023518313"
"3122642571638","0.056505036","-0.0154243475","-0.02855795"
"3122647515505","0.08307768","-0.01786781","-0.031154128"
"3122652459371","0.10247265","-0.011759156","-0.027947085"
"3122657403238","0.11209377","-6.1086525E-4","-0.022143865"
"3122662347105","0.11102476","0.0143553335","-0.009010263"
"3122667290971","0.09666943","0.028099801","0.0067195175"
"3122672234838","0.072540246","0.038179077","0.020158553"
"3122677178705","0.043676864","0.045814894","0.03359759"
"3122682122571","0.006414085","0.058337633","0.044745877"
"3122687066438","-0.041691553","0.07696902","0.05467244"
"3122692010305","-0.106595986","0.12614368","0.060322944"
"3122696954171","-0.22311853","0.20647246","0.08674286"
"3122701898038","-0.42241332","-0.053603426","0.14156802"
"3122706841905","-0.63132924","-0.26099217","0.121256754"
"3122711785771","-0.6579019","-0.25809056","-0.007483099"
"3122716729638","-0.5290093","-0.24373524","-0.16737708"
"3122721673505","-0.35338554","-0.12675454","-0.26908615"
"3122726617371","-0.17531833","-0.004428773","-0.27351493"
"3122731561238","-0.01817324","0.04230242","-0.18112154"
"3122736505105","0.089491755","0.0421497","-0.034972034"
"3122741448971","0.15515977","0.11026118","0.08597928"
"3122746392713","0.2501493","0.2640465","0.1207986"
"3122751336454","0.33368513","0.29336804","0.11927144"
"3122756280196","0.42317688","0.33475417","0.11133019"
"3122761223938","0.52198434","0.30634892","0.10720685"
"3122766167679","0.59605175","0.19700404","0.1001819"
"3122771111421","0.61819565","0.07498371","0.07574729"
"3122776055163","0.58368176","-0.039858956","0.024892759"
"3122780998904","0.50594914","-0.13164146","-0.04184427"
"3122785939021","0.40653083","-0.18646662","-0.10415252"
"3122790879138","0.3098614","-0.19685133","-0.14553864"
"3122795819254","0.21594086","-0.17363845","-0.16081028"
"3122800759371","0.13057245","-0.13271047","-0.14737125"
"3122805699488","0.05971208","-0.07941248","-0.1160644"
"3122810639604","0.0033597588","-0.023518313","-0.075289145"
"3122815579721","-0.03970624","0.033750303","-0.037110064"
"3122820519838","-0.07192938","0.08078693","-0.01450805"
"3122825467454","-0.099571034","0.111635625","-0.003970624"
"3122830415071","-0.15241088","0.14889841","0.018936822"
"3122835362688","-0.20189096","0.11927144","0.07727446"
"3122840310304","-0.16401732","0.002443461","0.06963864"
"3122845257921","-0.12095132","-0.05131268","0.011759156"
"3122850205538","-0.10934488","-0.10262536","-0.04810564"
"3122855153154","-0.1142318","-0.11911872","-0.0842994"
"3122860100771","-0.12018774","-0.087201014","-0.086132"
"3122865044638","-0.12217305","-0.03894266","-0.05665775"
"3122869988504","-0.11942416","0.0096211275","-0.014966198"
"3122874932371","-0.10598512","0.044593163","0.021838432"
"3122879876237","-0.082924955","0.05467244","0.03970624"
"3122884820104","-0.051618114","0.04352415","0.038331795"
"3122889763971","-0.0143553335","0.02733622","0.02611449"
"3122894707837","0.024129177","0.00870483","0.018784106"
"3122899651704","0.060322944","-0.008552114","0.017562376"
"3122904595571","0.09162979","-0.019547688","0.023518313"
"3122909539437","0.11438452","-0.029168816","0.029626964"
"3122914483304","0.12889257","-0.036651913","0.030848695"
"3122919427171","0.1348485","-0.040317107","0.029626964"
"3122924371037","0.13133603","-0.04153884","0.028405234"
"3122929314904","0.12156218","-0.039095376","0.02733622"
"3122934258771","0.10720685","-0.03176499","0.02855795"
"3122939202637","0.08674286","-0.019394971","0.029626964"
"3122944142629","0.06383542","-0.0070249503","0.032070424"
"3122949082621","0.03863723","0.0053450707","0.034513887"
"3122954022612","0.013286319","0.014049901","0.039553523"
"3122958962604","-0.008246681","0.021380283","0.039553523"
"3122963902596","-0.027641652","0.022602014","0.03848451"
"3122968842587","-0.04337143","0.018936822","0.03390302"
"3122973782579","-0.05421429","0.011453724","0.030543262"
"3122978722571","-0.05787948","-7.6358154E-4","0.028405234"
"3122983670187","-0.055588737","-0.0143553335","0.02855795"
"3122988617804","-0.04718934","-0.027794369","0.027641652"
"3122993565421","-0.035277467","-0.03772093","0.02275473"
"3122998513037","-0.021991149","-0.042760566","0.014202617"
"3123003460654","-0.013591751","-0.044135015","0.0056505036"
"3123008408270","-0.0062613687","-0.036957346","6.1086525E-4"
"3123013355887","0.0021380284","-0.027183503","-9.162979E-4"
"3123018303504","0.0106901415","-0.011148291","0.0022907446"
"3123023247370","0.01695151","0.004886922","0.007941248"
"3123028191237","0.01817324","0.020922136","0.010079277"
"3123033135104","0.012217305","0.030695979","0.012370021"
"3123038078970","-0.004581489","0.036957346","0.014813482"
"3123043022837","-0.031154128","0.04062254","0.015118915"
"3123047966704","-0.06612616","0.04444045","0.0154243475"
"3123052910570","-0.10598512","0.04810564","0.013286319"
"3123057854437","-0.1469131","0.04810564","0.010079277"
"3123062798304","-0.18188512","0.04795292","0.0018325958"
"3123067742170","-0.20845777","0.04428773","-0.007483099"
"3123072686037","-0.22785273","0.0355829","-0.013133603"
"3123077629904","-0.23884831","0.02565634","-0.017715093"
"3123082573770","-0.23167065","0.015882496","-0.016340645"
"3123087517637","-0.20754147","0.008552114","-0.016493361"
"3123092461504","-0.17012598","0.0047342055","-0.0143553335"
"3123097405370","-0.12064589","0.0022907446","-0.013591751"
"3123102349112","-0.063988134","-3.0543262E-4","-0.012980887"
"3123107292854","-0.009773844","-0.0015271631","-0.014660766"
"3123112236595","0.03604105","-0.0053450707","-0.017562376"
"3123117180337","0.06994407","-0.005497787","-0.01786781"
"3123122124078","0.08674286","-0.005497787","-0.01695151"
"3123127067820","0.08552113","-0.007788532","-0.015577064"
"3123132011562","0.069791354","-0.012675454","-0.014049901"
"3123136955303","0.043218717","-0.016340645","-0.011301007"
"3123141899170","0.0106901415","-0.022449298","-0.010842858"
"3123146843037","-0.023060163","-0.02611449","-0.01282817"
"3123151786903","-0.049632803","-0.02855795","-0.013744468"
"3123156730770","-0.06780604","-0.027183503","-0.014813482"
"3123161674637","-0.07742717","-0.02107485","-0.014813482"
"3123166618503","-0.07971791","-0.0125227375","-0.013744468"
"3123171562370","-0.07360926","-0.0013744468","-0.01282817"
"3123176506237","-0.063988134","0.005955936","-0.0106901415"
"3123181450103","-0.053145275","0.012064588","-0.008399397"
"3123186393970","-0.047036625","0.01450805","-0.0061086523"
"3123191337837","-0.04337143","0.012217305","-0.002443461"
"3123196281703","-0.041080687","0.009773844","-0.0012217305"
"3123201225570","-0.039858956","0.0035124752","-0.0022907446"
"3123206169437","-0.041080687","-0.0038179078","-0.0070249503"
"3123211113303","-0.041080687","-0.008857546","-0.009315695"
"3123216057170","-0.03390302","-0.010079277","-0.013133603"
"3123221001037","-0.019394971","-0.003970624","-0.01572978"
"3123225944903","-0.002443461","0.004428773","-0.01985312"
"3123230888770","0.019394971","0.014202617","-0.023823744"
"3123235832637","0.041080687","0.025045475","-0.029168816"
"3123240776503","0.0627664","0.029932396","-0.03436117"
"3123245720370","0.08093964","0.031001411","-0.038331795"
"3123250664236","0.093004234","0.032223143","-0.03848451"
"3123255608103","0.09789115","0.0346666","-0.03848451"
"3123260551970","0.08933904","0.0346666","-0.03604105"
"3123265495836","0.072540246","0.03359759","-0.034513887"
"3123270439703","0.04718934","0.027488936","-0.032986723"
"3123275383570","0.01695151","0.016493361","-0.032375857"
"3123280327436","-0.013286319","0.0030543262","-0.03176499"
"3123285271303","-0.03756821","-0.009162978","-0.032528576"
"3123290215170","-0.05085453","-0.014049901","-0.031154128"
"3123295159036","-0.05681047","-0.014049901","-0.02855795"
"3123300106653","-0.05681047","-0.011453724","-0.027488936"
"3123305054270","-0.050701816","-0.00290161","-0.025198191"
"3123310001886","-0.039858956","0.006872234","-0.023060163"
"3123314949503","-0.025350908","0.011911872","-0.019700404"
"3123319897120","-0.005955936","0.013133603","-0.015118915"
"3123324844736","0.01450805","0.013286319","-0.007941248"
"3123329792353","0.032528576","0.010842858","-7.6358154E-4"
"3123334739970","0.045814894","0.008552114","0.0076358155"
"3123339679961","0.051923547","0.002443461","0.0125227375"
"3123344619953","0.050701816","-0.002443461","0.013897184"
"3123349559944","0.045814894","-0.009773844","0.014049901"
"3123354499936","0.03848451","-0.017104227","0.013133603"
"3123359439928","0.030085113","-0.021991149","0.012064588"
"3123364379919","0.019089539","-0.02443461","0.014660766"
"3123369319911","0.0070249503","-0.02565634","0.014813482"
"3123374259903","-0.007483099","-0.029321533","0.0125227375"
"3123379203769","-0.02076942","-0.035430185","0.01160644"
"3123384147636","-0.029168816","-0.0355829","0.0056505036"
"3123389091503","-0.034055736","-0.03191771","0.001985312"
"3123394035369","-0.040011674","-0.022143865","-6.1086525E-4"
"3123398979236","-0.04230242","-0.00870483","-0.004428773"
"3123403923103","-0.045814894","0.0035124752","-0.0071776668"
"3123408866969","-0.044593163","0.0096211275","-0.010995574"
"3123413810836","-0.041080687","0.013133603","-0.015882496"
"3123418754703","-0.03863723","0.013133603","-0.02076942"
"3123423698569","-0.033750303","0.011759156","-0.02321288"
"3123428642436","-0.033750303","0.010537425","-0.02443461"
"3123433586303","-0.037415497","0.008093964","-0.02687807"
"3123438530169","-0.03863723","0.004276057","-0.030390546"
"3123443474036","-0.03268129","0.0018325958","-0.03283401"
"3123448417903","-0.019394971","-6.1086525E-4","-0.035277467"
"3123453361769","-0.0012217305","-7.6358154E-4","-0.0355829"
"3123458309386","0.016798794","0.0016798794","-0.034513887"
"3123463257003","0.033750303","0.007788532","-0.03359759"
"3123468204619","0.044745877","0.017715093","-0.03023783"
"3123473152236","0.04841107","0.027488936","-0.028099801"
"3123478099852","0.044745877","0.037415497","-0.027030786"
"3123483047469","0.03756821","0.04230242","-0.023365596"
"3123487995086","0.026725354","0.044898596","-0.019700404"
"3123492942702","0.010995574","0.046120327","-0.018325957"
"3123497886569","-0.0070249503","0.04260785","-0.01695151"
"3123502830436","-0.026419923","0.0364992","-0.015271631"
"3123507774302","-0.045662176","0.030390546","-0.011301007"
"3123512718169","-0.061391957","0.02321288","-0.0036651916"
"3123517662036","-0.07238753","0.013591751","0.0025961774"
"3123522605902","-0.076052725","1.5271631E-4","0.0065668016"
"3123527549769","-0.071318515","-0.010995574","0.006872234"
"3123532493636","-0.06291912","-0.019547688","0.0032070426"
"3123537433627","-0.04841107","-0.025809057","0.0032070426"
"3123542373619","-0.031612277","-0.028252518","0.004276057"
"3123547313611","-0.010995574","-0.02565634","0.010079277"
"3123552253602","0.0106901415","-0.019394971","0.018325957"
"3123557193594","0.031306844","-0.013133603","0.027641652"
"3123562133586","0.050701816","-0.00580322","0.033444874"
"3123567073577","0.065209866","-0.0021380284","0.03313944"
"3123572013569","0.07360926","3.0543262E-4","0.030543262"
"3123576961186","0.074830994","0.0027488936","0.028099801"
"3123581908802","0.0627664","0.0038179078","0.024587326"
"3123586856419","0.041080687","0.0050396384","0.02107485"
"3123591804036","0.01450805","0.0025961774","0.0154243475"
"3123596751652","-0.010842858","0.0","0.0071776668"
"3123601699269","-0.03390302","-0.0038179078","-0.0035124752"
"3123606646885","-0.050701816","-0.005192355","-0.010537425"
"3123611594502","-0.06154467","-0.003970624","-0.011759156"
"3123616538369","-0.07009678","-0.0013744468","-0.01160644"
"3123621482235","-0.07238753","-3.0543262E-4","-0.015271631"
"3123626426102","-0.07009678","-3.0543262E-4","-0.017715093"
"3123631369969","-0.060322944","-4.5814895E-4","-0.021533"
"3123636313835","-0.04596761","0.0032070426","-0.022907447"
"3123641257702","-0.032528576","0.009468411","-0.02076942"
"3123646201569","-0.018020526","0.018020526","-0.01740966"
"3123651145435","-0.0047342055","0.024129177","-0.014049901"
"3123656085427","0.008552114","0.026725354","-0.009468411"
"3123661025419","0.023060163","0.024281893","-0.0070249503"
"3123665965410","0.03863723","0.023060163","-0.005955936"
"3123670905402","0.051923547","0.023060163","-0.0036651916"
"3123675845394","0.06047566","0.023060163","-0.0038179078"
"3123680785385","0.06154467","0.020616703","-0.0025961774"
"3123685725377","0.060322944","0.01695151","-0.0012217305"
"3123690665369","0.059101213","0.008399397","-0.0010690142"
"3123695609235","0.055436023","0.0022907446","3.0543262E-4"
"3123700553102","0.049480084","0.0022907446","4.5814895E-4"
"3123705496969","0.039858956","0.0047342055","-7.6358154E-4"
"3123710440835","0.025350908","0.0071776668","-0.0030543262"
"3123715384702","0.007330383","0.010842858","-0.004276057"
"3123720328569","-0.01450805","0.0096211275","-0.006414085"
"3123725272435","-0.033750303","0.0096211275","-0.0062613687"
"3123730216302","-0.051923547","0.0061086523","-0.0022907446"
"3123735160168","-0.063988134","0.004886922","0.0027488936"
"3123740104035","-0.06994407","0.0050396384","0.006414085"
"3123745047902","-0.0664316","0.0050396384","0.010079277"
"3123749991768","-0.05665775","0.0062613687","0.013591751"
"3123754935635","-0.04337143","0.0050396384","0.013439035"
"3123759879502","-0.0290161","0.0013744468","0.012217305"
"3123764823368","-0.01450805","-0.0036651916","0.009773844"
"3123769767235","0.0047342055","-0.008552114","0.0071776668"
"3123774711102","0.025198191","-0.012370021","0.0033597588"
"3123779654968","0.03970624","-0.014813482","0.0021380284"
"3123784598835","0.05177083","-0.0125227375","-0.0018325958"
"3123789542702","0.055436023","-0.0125227375","-0.004276057"
"3123794486568","0.05299256","-0.0125227375","-0.005497787"
"3123799430435","0.044593163","-0.0125227375","-0.007788532"
"3123804374302","0.031306844","-0.011301007","-0.0076358155"
"3123809318168","0.013133603","-0.0076358155","-0.0062613687"
"3123814265785","-0.007330383","-0.0050396384","-0.0036651916"
"3123819213402","-0.0290161","-0.0013744468","-0.0010690142"
"3123824161018","-0.051923547","0.002443461","-0.0021380284"
"3123829108635","-0.07360926","0.002443461","-0.001985312"
"3123834056252","-0.08689558","-0.0012217305","-6.1086525E-4"
"3123839003868","-0.0917825","-0.0036651916","0.004428773"
"3123843951485","-0.08811731","-0.0047342055","0.008093964"
"3123848899101","-0.07727446","-0.0035124752","0.01160644"
"3123853842968","-0.0627664","-0.0035124752","0.012675454"
"3123858786835","-0.048258353","-0.0035124752","0.0125227375"
"3123863730701","-0.03023783","-0.004886922","0.00992656"
"3123868674568","-0.008552114","-0.0061086523","0.0061086523"
"3123873618435","0.015577064","-0.0025961774","0.004428773"
"3123878562301","0.03863723","0.0035124752","0.0016798794"
"3123883506168","0.059101213","0.010842858","-0.0022907446"
"3123888450035","0.07238753","0.019242255","-0.007483099"
"3123893393901","0.08093964","0.026572637","-0.013897184"
"3123898337768","0.082161374","0.031306844","-0.017562376"
"3123903281635","0.07376198","0.037415497","-0.021227567"
"3123908225501","0.055741455","0.041080687","-0.024892759"
"3123913169368","0.031612277","0.044745877","-0.029474247"
"3123918113235","0.0025961774","0.04841107","-0.035430185"
"3123923057101","-0.027488936","0.04841107","-0.039858956"
"3123928000968","-0.05177083","0.04718934","-0.040927973"
"3123932944710","-0.069791354","0.044745877","-0.036957346"
"3123937888451","-0.080634214","0.043676864","-0.030695979"
"3123942832193","-0.0842994","0.04505131","-0.020922136"
"3123947775935","-0.08307768","0.042760566","-0.014813482"
"3123952719676","-0.07467828","0.037873644","-0.011148291"
"3123957663418","-0.058948494","0.031612277","-0.011301007"
"3123962607159","-0.033750303","0.025503624","-0.012675454"
"3123967550901","-0.008399397","0.020463986","-0.01282817"
"3123972494768","0.01695151","0.015577064","-0.010537425"
"3123977438634","0.039858956","0.009468411","-0.0070249503"
"3123982382501","0.05665775","0.0071776668","-0.0022907446"
"3123987326368","0.06872234","0.0047342055","0.0025961774"
"3123992270234","0.06994407","0.004886922","0.00992656"
"3123997214101","0.06505715","0.0","0.014813482"
"3124002157968","0.05299256","-0.005955936","0.021227567"
"3124007101834","0.0421497","-0.013286319","0.025198191"
"3124012045701","0.030085113","-0.01817324","0.026572637"
"3124016989568","0.021533","-0.021838432","0.026725354"
"3124021933434","0.013133603","-0.024281893","0.02687807"
"3124026877301","0.008246681","-0.024281893","0.02443461"
"3124031821168","0.0047342055","-0.025503624","0.023365596"
"3124036765034","0.004581489","-0.030543262","0.01985312"
"3124041708901","0.008246681","-0.035430185","0.01863139"
"3124046652768","0.0154243475","-0.036651913","0.016187929"
"3124051596634","0.02397646","-0.03436117","0.012370021"
"3124056540501","0.03481932","-0.030695979","0.007330383"
"3124061484368","0.043218717","-0.029626964","0.0010690142"
"3124066428234","0.051618114","-0.027183503","-0.0027488936"
"3124071372101","0.060170226","-0.020005837","-0.009010263"
"3124076315968","0.06505715","-0.012675454","-0.01160644"
"3124081259834","0.07238753","-0.00290161","-0.0143553335"
"3124086203701","0.08200866","0.004428773","-0.018325957"
"3124091151317","0.096516706","0.01038471","-0.020922136"
"3124096098934","0.11591168","0.015271631","-0.02367103"
"3124101046551","0.1375974","0.015271631","-0.025198191"
"3124105994167","0.16172658","0.018784106","-0.029168816"
"3124110941784","0.17867808","0.022296581","-0.034208454"
"3124115889401","0.18463401","0.030848695","-0.04062254"
"3124120837017","0.17989981","0.04062254","-0.04444045"
"3124125784634","0.16905695","0.04795292","-0.046883907"
"3124130724626","0.15470162","0.051618114","-0.046731193"
"3124135664617","0.13652839","0.051618114","-0.047800206"
"3124140604609","0.112399206","0.04917465","-0.052381694"
"3124145544601","0.08093964","0.046731193","-0.055588737"
"3124150484592","0.044745877","0.041691553","-0.061239243"
"3124155424584","0.012217305","0.03680463","-0.063224554"
"3124160364576","-0.0096211275","0.034513887","-0.06047566"
"3124165304567","-0.025198191","0.037110064","-0.055588737"
"3124170252309","-0.03604105","0.04444045","-0.053145275"
"3124175200051","-0.046883907","0.054367006","-0.05085453"
"3124180147792","-0.054061573","0.0580322","-0.04718934"
"3124185095534","-0.055283304","0.058184914","-0.04230242"
"3124190043276","-0.04795292","0.054519724","-0.034972034"
"3124194991017","-0.03848451","0.04734206","-0.030085113"
"3124199938759","-0.031154128","0.041233405","-0.026267206"
"3124204886500","-0.028863383","0.03268129","-0.022602014"
"3124209830242","-0.034972034","0.026572637","-0.01740966"
"3124214773984","-0.07819075","0.039095376","-0.011148291"
"3124219717725","-0.15057829","0.036957346","0.0030543262"
"3124224661467","-0.22556199","0.01786781","0.02977968"
"3124229605209","-0.27152961","-0.011148291","0.052687127"
"3124234548950","-0.28252518","-0.038179077","0.049785517"
"3124239492692","-0.25366178","-0.04734206","0.019242255"
"3124244436434","-0.18127427","-0.037110064","-0.02443461"
"3124249380300","-0.069027774","-0.022907447","-0.051465396"
"3124254324167","0.06383542","-0.013286319","-0.04810564"
"3124259268034","0.2012801","-0.012980887","-0.021533"
"3124264211900","0.3220787","-0.01282817","0.006414085"
"3124269155767","0.4017966","-0.0065668016","0.021227567"
"3124274099634","0.42348233","-0.006414085","0.029474247"
"3124279043500","0.37995818","-0.015882496","0.04352415"
"3124283987367","0.31703907","-0.04505131","0.05207626"
"3124288931234","0.28298333","-0.08689558","0.044745877"
"3124293875100","0.29000828","-0.11789699","0.023518313"
"3124298818967","0.32498032","-0.13194689","-0.0033597588"
"3124303762834","0.35628715","-0.12492194","-0.023365596"
"3124308706700","0.36361754","-0.10797043","-0.033444874"
"3124313650567","0.3492622","-0.0870483","-0.033750303"
"3124318594433","0.32406402","-0.071013086","-0.03145956"
"3124323538300","0.28924468","-0.052534413","-0.026572637"
"3124328482167","0.24465153","-0.034055736","-0.02275473"
"3124333426033","0.19058995","-0.010537425","-0.01786781"
